date,temperature_2m,relative_humidity_2m,dew_point_2m,precipitation,rain,soil_moisture_0_to_7cm,soil_moisture_7_to_28cm,et0_fao_evapotranspiration,vapor_pressure_deficit,time_of_day,region
1940-01-01,20.65,75.66532,16.2,,,0.0,0.0,,0.59239244,Madrugada,"Point (-30, 180)"
1940-01-01,20.85,74.264404,16.1,,,0.0,0.0,,0.63425004,Madrugada,"Point (-30, 180)"
1940-01-01,21.0,73.58272,16.1,,,0.0,0.0,,0.6570722,Madrugada,"Point (-30, 180)"
1940-01-01,21.15,72.908066,16.1,,,0.0,0.0,,0.68007886,Madrugada,"Point (-30, 180)"
1940-01-01,21.2,74.087364,16.4,,,0.0,0.0,,0.65245676,Madrugada,"Point (-30, 180)"
1940-01-01,21.2,75.51379,16.7,,,0.0,0.0,,0.6165272,Madrugada,"Point (-30, 180)"
1940-01-01,21.15,76.47027,16.85,,,0.0,0.0,,0.5906261,Madrugada,"Point (-30, 180)"
1940-01-01,21.2,77.45317,17.1,0.0,0.0,0.0,0.0,0.08824151,0.5676795,Madrugada,"Point (-30, 180)"
1940-01-01,21.15,79.178856,17.4,0.0,0.0,0.0,0.0,0.05783273,0.5226151,Madrugada,"Point (-30, 180)"
1940-01-01,21.25,78.69458,17.4,0.0,0.0,0.0,0.0,0.06073735,0.5380565,Madrugada,"Point (-30, 180)"
1940-01-01,21.25,76.72861,17.0,0.0,0.0,0.0,0.0,0.06750472,0.58772445,Madrugada,"Point (-30, 180)"
1940-01-01,21.25,77.70613,17.2,0.0,0.0,0.0,0.0,0.06543869,0.563028,Madrugada,"Point (-30, 180)"
1940-01-01,21.15,80.1845,17.6,0.0,0.0,0.0,0.0,0.05736822,0.49736547,Madrugada,"Point (-30, 180)"
1940-01-01,21.0,81.695114,17.75,0.1,0.1,0.0,0.0,0.048350964,0.4552381,Madrugada,"Point (-30, 180)"
1940-01-01,20.9,83.24,17.95,0.1,0.1,0.0,0.0,0.04184478,0.41426015,Madrugada,"Point (-30, 180)"
1940-01-01,20.85,84.28723,18.1,0.1,0.1,0.0,0.0,0.037802257,0.3871808,Madrugada,"Point (-30, 180)"
1940-01-01,20.85,84.28723,18.1,0.2,0.2,0.0,0.0,0.040016975,0.3871808,Madrugada,"Point (-30, 180)"
1940-01-01,20.95,83.77054,18.1,0.3,0.3,0.0,0.0,0.042881593,0.40237522,Madrugada,"Point (-30, 180)"
1940-01-01,21.05,83.25743,18.1,0.5,0.5,0.0,0.0,0.07052585,0.4176514,Madrugada,"Point (-30, 180)"
1940-01-01,21.2,81.46363,17.9,0.8,0.8,0.0,0.0,0.09579278,0.46667552,Madrugada,"Point (-30, 180)"
1940-01-01,21.2,80.444305,17.7,0.8,0.8,0.0,0.0,0.11712089,0.49234653,Madrugada,"Point (-30, 180)"
1940-01-01,21.25,78.44645,17.35,0.3,0.3,0.0,0.0,0.18167984,0.54432523,Madrugada,"Point (-30, 180)"
1940-01-01,21.35,76.501526,17.05,0.1,0.1,0.0,0.0,0.23465182,0.5971,Madrugada,"Point (-30, 180)"
1940-01-01,21.35,76.501526,17.05,0.0,0.0,0.0,0.0,0.2560416,0.5971,Madrugada,"Point (-30, 180)"
1940-01-01,21.35,77.475815,17.25,0.0,0.0,0.0,0.0,0.23683432,0.5723351,Madrugada,"Point (-30, 180)"
1940-01-01,21.35,79.207016,17.6,0.1,0.1,0.0,0.0,0.2453621,0.5283308,Madrugada,"Point (-30, 180)"
1940-01-01,21.4,79.21405,17.65,0.1,0.1,0.0,0.0,0.23735136,0.529768,Madrugada,"Point (-30, 180)"
1940-01-01,21.35,80.46431,17.85,0.0,0.0,0.0,0.0,0.21202232,0.49637485,Madrugada,"Point (-30, 180)"
1940-01-01,21.35,81.48272,18.05,0.0,0.0,0.0,0.0,0.17106515,0.47049093,Madrugada,"Point (-30, 180)"
1940-01-01,21.3,82.50644,18.2,0.0,0.0,0.0,0.0,0.12645048,0.44311666,Madrugada,"Point (-30, 180)"
1940-01-01,21.35,81.99616,18.15,0.1,0.1,0.0,0.0,0.087222256,0.45744133,Madrugada,"Point (-30, 180)"
1940-01-01,21.35,81.99616,18.15,0.1,0.1,0.0,0.0,0.06622587,0.45744133,Madrugada,"Point (-30, 180)"
1940-01-01,21.45,81.49541,18.15,0.1,0.1,0.0,0.0,0.043469105,0.47304845,Madrugada,"Point (-30, 180)"
1940-01-01,21.5,79.979706,17.9,0.1,0.1,0.0,0.0,0.048724923,0.51337314,Madrugada,"Point (-30, 180)"
1940-01-01,21.35,80.97212,17.95,0.1,0.1,0.0,0.0,0.034860052,0.48346806,Madrugada,"Point (-30, 180)"
1940-01-01,21.3,79.95251,17.7,0.2,0.2,0.0,0.0,0.033737533,0.5078285,Madrugada,"Point (-30, 180)"
1940-01-01,21.15,79.68029,17.5,0.1,0.1,0.0,0.0,0.035370074,0.5100254,Madrugada,"Point (-30, 180)"
1940-01-01,21.1,79.92521,17.5,0.2,0.2,0.0,0.0,0.034155764,0.5023359,Madrugada,"Point (-30, 180)"
1940-01-01,21.05,79.41528,17.35,0.1,0.1,0.0,0.0,0.035199147,0.5135256,Madrugada,"Point (-30, 180)"
1940-01-01,21.2,79.43618,17.5,0.1,0.1,0.0,0.0,0.03454623,0.51773584,Madrugada,"Point (-30, 180)"
1940-01-01,21.3,78.95055,17.5,0.0,0.0,0.0,0.0,0.04044215,0.5332178,Madrugada,"Point (-30, 180)"
1940-01-01,21.35,78.957634,17.55,0.0,0.0,0.0,0.0,0.044505924,0.5346694,Madrugada,"Point (-30, 180)"
1940-01-01,21.35,79.207016,17.6,0.0,0.0,0.0,0.0,0.07215152,0.5283308,Madrugada,"Point (-30, 180)"
1940-01-01,21.3,79.700966,17.65,0.0,0.0,0.0,0.0,0.10051314,0.5142021,Madrugada,"Point (-30, 180)"
1940-01-01,21.35,79.45708,17.65,0.0,0.0,0.0,0.0,0.1504226,0.52197504,Madrugada,"Point (-30, 180)"
1940-01-01,21.4,78.71613,17.55,0.0,0.0,0.0,0.0,0.26172468,0.54246235,Madrugada,"Point (-30, 180)"
1940-01-01,21.45,78.97183,17.65,0.0,0.0,0.0,0.0,0.33535308,0.53758216,Madrugada,"Point (-30, 180)"
1940-01-01,21.5,78.73047,17.65,0.0,0.0,0.0,0.0,0.3975854,0.5454178,Madrugada,"Point (-30, 180)"
1940-01-01,28.081,80.364334,24.381,,,0.0,0.0,,0.74495435,Madrugada,"Point (-30, -120)"
1940-01-01,28.131,79.890854,24.331,,,0.0,0.0,,0.7651422,Madrugada,"Point (-30, -120)"
1940-01-01,28.181,79.65856,24.331,,,0.0,0.0,,0.7762332,Madrugada,"Point (-30, -120)"
1940-01-01,28.181,80.37737,24.480999,,,0.0,0.0,,0.74879193,Madrugada,"Point (-30, -120)"
1940-01-01,28.230999,80.62467,24.581,,,0.0,0.0,,0.741498,Madrugada,"Point (-30, -120)"
1940-01-01,28.230999,80.86611,24.631,,,0.0,0.0,,0.73225474,Madrugada,"Point (-30, -120)"
1940-01-01,28.230999,81.35082,24.730999,,,0.0,0.0,,0.71369624,Madrugada,"Point (-30, -120)"
1940-01-01,28.131,81.825905,24.730999,0.1,0.1,0.0,0.0,0.07902475,0.6914849,Madrugada,"Point (-30, -120)"
1940-01-01,27.681,85.01191,24.931,0.2,0.2,0.0,0.0,0.0635021,0.5555055,Madrugada,"Point (-30, -120)"
1940-01-01,27.480999,87.04378,25.131,0.3,0.3,0.0,0.0,0.055013273,0.47461414,Madrugada,"Point (-30, -120)"
1940-01-01,27.081,89.64103,25.230999,0.2,0.2,0.0,0.0,0.04072203,0.37069058,Madrugada,"Point (-30, -120)"
1940-01-01,26.980999,90.43774,25.281,0.2,0.2,0.0,0.0,0.03638743,0.3401792,Madrugada,"Point (-30, -120)"
1940-01-01,27.031,90.44108,25.331,0.1,0.1,0.0,0.0,0.036463547,0.3410561,Madrugada,"Point (-30, -120)"
1940-01-01,27.131,89.64468,25.281,0.1,0.1,0.0,0.0,0.04044687,0.3716452,Madrugada,"Point (-30, -120)"
1940-01-01,27.081,89.90817,25.281,0.1,0.1,0.0,0.0,0.06100042,0.36112905,Madrugada,"Point (-30, -120)"
1940-01-01,27.181,89.38209,25.281,0.1,0.1,0.0,0.0,0.13284114,0.38218665,Madrugada,"Point (-30, -120)"
1940-01-01,27.281,89.124115,25.331,0.1,0.1,0.0,0.0,0.21274742,0.39376688,Madrugada,"Point (-30, -120)"
1940-01-01,27.331,88.59945,25.281,0.1,0.1,0.0,0.0,0.31712455,0.41397476,Madrugada,"Point (-30, -120)"
1940-01-01,27.331,88.3362,25.230999,0.1,0.1,0.0,0.0,0.37637532,0.4235363,Madrugada,"Point (-30, -120)"
1940-01-01,27.331,88.3362,25.230999,0.1,0.1,0.0,0.0,0.4332762,0.4235363,Madrugada,"Point (-30, -120)"
1940-01-01,27.381,88.07778,25.230999,0.1,0.1,0.0,0.0,0.45494738,0.43418694,Madrugada,"Point (-30, -120)"
1940-01-01,27.581,87.31215,25.281,0.1,0.1,0.0,0.0,0.4472,0.46749783,Madrugada,"Point (-30, -120)"
1940-01-01,27.681,86.80313,25.281,0.1,0.1,0.0,0.0,0.440874,0.4890983,Madrugada,"Point (-30, -120)"
1940-01-01,27.831,85.535225,25.181,0.1,0.1,0.0,0.0,0.41146696,0.54080224,Madrugada,"Point (-30, -120)"
1940-01-01,27.831,85.28094,25.131,0.1,0.1,0.0,0.0,0.32183298,0.550313,Madrugada,"Point (-30, -120)"
1940-01-01,27.831,84.27027,24.931,0.1,0.1,0.0,0.0,0.24578862,0.5881126,Madrugada,"Point (-30, -120)"
1940-01-01,27.831,83.51919,24.781,0.0,0.0,0.0,0.0,0.17580916,0.6162045,Madrugada,"Point (-30, -120)"
1940-01-01,27.781,83.26442,24.681,0.0,0.0,0.0,0.0,0.10149186,0.6239166,Madrugada,"Point (-30, -120)"
1940-01-01,27.831,83.02169,24.681,0.0,0.0,0.0,0.0,0.07323342,0.6348121,Madrugada,"Point (-30, -120)"
1940-01-01,27.881,81.79542,24.480999,0.0,0.0,0.0,0.0,0.079357974,0.6826613,Madrugada,"Point (-30, -120)"
1940-01-01,27.881,81.30713,24.381,0.0,0.0,0.0,0.0,0.08034659,0.70097923,Madrugada,"Point (-30, -120)"
1940-01-01,27.881,80.097534,24.131,0.0,0.0,0.0,0.0,0.08280583,0.7463584,Madrugada,"Point (-30, -120)"
1940-01-01,27.781,78.88982,23.781,0.0,0.0,0.0,0.0,0.08226036,0.7870796,Madrugada,"Point (-30, -120)"
1940-01-01,27.681,77.22886,23.331,0.0,0.0,0.0,0.0,0.0841309,0.84411,Madrugada,"Point (-30, -120)"
1940-01-01,27.631,74.016594,22.581,0.0,0.0,0.0,0.0,0.07907903,0.9604521,Madrugada,"Point (-30, -120)"
1940-01-01,27.531,72.00079,22.031,0.0,0.0,0.0,0.0,0.08180312,1.0289967,Madrugada,"Point (-30, -120)"
1940-01-01,27.581,70.272896,21.681,0.0,0.0,0.0,0.0,0.08390142,1.0957282,Madrugada,"Point (-30, -120)"
1940-01-01,27.681,68.38248,21.331,0.0,0.0,0.0,0.0,0.08836086,1.1722653,Madrugada,"Point (-30, -120)"
1940-01-01,27.730999,66.939384,21.031,0.0,0.0,0.0,0.0,0.11785879,1.2293828,Madrugada,"Point (-30, -120)"
1940-01-01,27.881,65.544754,20.831,0.0,0.0,0.0,0.0,0.22538802,1.2925138,Madrugada,"Point (-30, -120)"
1940-01-01,27.980999,65.565475,20.931,0.0,0.0,0.0,0.0,0.3486043,1.299267,Madrugada,"Point (-30, -120)"
1940-01-01,27.980999,66.98957,21.281,0.0,0.0,0.0,0.0,0.4820264,1.2454937,Madrugada,"Point (-30, -120)"
1940-01-01,28.031,67.82528,21.531,0.0,0.0,0.0,0.0,0.5694995,1.2174709,Madrugada,"Point (-30, -120)"
1940-01-01,28.031,70.14207,22.081,0.0,0.0,0.0,0.0,0.58417183,1.1297469,Madrugada,"Point (-30, -120)"
1940-01-01,27.931,73.396065,22.730999,0.0,0.0,0.0,0.0,0.63244253,1.0007198,Madrugada,"Point (-30, -120)"
1940-01-01,27.931,75.42315,23.181,0.0,0.0,0.0,0.0,0.6002374,0.9244292,Madrugada,"Point (-30, -120)"
1940-01-01,28.131,73.42985,22.931,0.0,0.0,0.0,0.0,0.54883,1.0111248,Madrugada,"Point (-30, -120)"
1940-01-01,28.031,75.8958,23.381,0.0,0.0,0.0,0.0,0.4790728,0.91192484,Madrugada,"Point (-30, -120)"
1940-01-01,27.289,58.489895,18.439,,,0.232,0.265,,1.5045846,Madrugada,"Point (-30, -60)"
1940-01-01,26.939,60.64545,18.689,,,0.232,0.265,,1.3974817,Madrugada,"Point (-30, -60)"
1940-01-01,26.239,64.394485,18.989,,,0.232,0.265,,1.2133384,Madrugada,"Point (-30, -60)"
1940-01-01,25.838999,67.600174,19.389,,,0.232,0.265,,1.0782895,Madrugada,"Point (-30, -60)"
1940-01-01,25.439,70.74535,19.739,,,0.232,0.265,,0.950794,Madrugada,"Point (-30, -60)"
1940-01-01,24.989,74.25883,20.088999,,,0.232,0.265,,0.8145087,Madrugada,"Point (-30, -60)"
1940-01-01,24.489,77.462234,20.289,,,0.232,0.265,,0.6921861,Madrugada,"Point (-30, -60)"
1940-01-01,24.189,79.84691,20.489,0.0,0.0,0.232,0.265,0.014813935,0.6079292,Madrugada,"Point (-30, -60)"
1940-01-01,24.139,80.5821,20.588999,0.0,0.0,0.232,0.265,0.006833802,0.5839956,Madrugada,"Point (-30, -60)"
1940-01-01,23.439,83.53171,20.489,0.2,0.2,0.232,0.265,0.00431914,0.4748993,Madrugada,"Point (-30, -60)"
1940-01-01,25.338999,82.984505,22.239,0.0,0.0,0.234,0.266,0.047870908,0.5496166,Madrugada,"Point (-30, -60)"
1940-01-01,26.189,78.66659,22.189,0.0,0.0,0.234,0.266,0.14004321,0.7246356,Madrugada,"Point (-30, -60)"
1940-01-01,26.838999,72.54162,21.489,0.0,0.0,0.234,0.266,0.24816924,0.96910715,Madrugada,"Point (-30, -60)"
1940-01-01,26.889,70.793465,21.139,0.5,0.5,0.241,0.266,0.25536817,1.0338697,Madrugada,"Point (-30, -60)"
1940-01-01,24.889,78.00047,20.789,3.2,3.2,0.282,0.266,0.23705554,0.6919389,Madrugada,"Point (-30, -60)"
1940-01-01,23.838999,89.94757,22.088999,6.8,6.8,0.352,0.266,0.16763955,0.29689574,Madrugada,"Point (-30, -60)"
1940-01-01,24.439,85.71482,21.889,3.0,3.0,0.353,0.266,0.26163146,0.43735576,Madrugada,"Point (-30, -60)"
1940-01-01,25.838999,81.29615,22.389,0.4,0.4,0.356,0.266,0.4012162,0.6223078,Madrugada,"Point (-30, -60)"
1940-01-01,26.739,75.92425,22.139,0.8,0.8,0.371,0.267,0.4342519,0.84469604,Madrugada,"Point (-30, -60)"
1940-01-01,26.588999,78.48435,22.539,0.3,0.3,0.43,0.284,0.42725357,0.7482202,Madrugada,"Point (-30, -60)"
1940-01-01,25.838999,82.7909,22.689,0.1,0.1,0.428,0.288,0.3142889,0.5725579,Madrugada,"Point (-30, -60)"
1940-01-01,25.739,82.02837,22.439,2.4,2.4,0.419,0.291,0.19643304,0.59441614,Madrugada,"Point (-30, -60)"
1940-01-01,23.838999,88.857155,21.889,4.4,4.4,0.425,0.274,0.08990533,0.3291068,Madrugada,"Point (-30, -60)"
1940-01-01,23.189,91.28646,21.689,2.4,2.4,0.43,0.278,0.03097256,0.24748898,Madrugada,"Point (-30, -60)"
1940-01-01,22.989,91.83414,21.588999,0.1,0.1,0.421,0.281,0.0019898769,0.22915149,Madrugada,"Point (-30, -60)"
1940-01-01,23.039,91.55667,21.588999,0.1,0.1,0.414,0.283,0.00014021354,0.23765421,Madrugada,"Point (-30, -60)"
1940-01-01,22.939,92.39465,21.639,0.4,0.4,0.413,0.285,0.0,0.21277666,Madrugada,"Point (-30, -60)"
1940-01-01,22.889,92.95855,21.689,0.0,0.0,0.409,0.287,0.0,0.19640565,Madrugada,"Point (-30, -60)"
1940-01-01,22.588999,93.800705,21.539,0.8,0.8,0.411,0.289,0.0,0.16980481,Madrugada,"Point (-30, -60)"
1940-01-01,21.639,95.7992,20.939,3.1,3.1,0.421,0.291,0.0,0.10860968,Madrugada,"Point (-30, -60)"
1940-01-01,21.389,95.79143,20.689,2.3,2.3,0.438,0.295,0.0,0.107164145,Madrugada,"Point (-30, -60)"
1940-01-01,21.289,95.19951,20.489,3.0,3.0,0.444,0.3,0.0,0.12149191,Madrugada,"Point (-30, -60)"
1940-01-01,21.088999,95.48683,20.338999,3.1,3.1,0.448,0.307,0.0,0.112831354,Madrugada,"Point (-30, -60)"
1940-01-01,21.088999,95.78205,20.389,4.0,4.0,0.458,0.321,0.0,0.105449915,Madrugada,"Point (-30, -60)"
1940-01-01,22.139,95.81473,21.439,5.0,5.0,0.454,0.359,0.020188272,0.11155105,Madrugada,"Point (-30, -60)"
1940-01-01,21.939,95.80855,21.239,5.0,5.0,0.456,0.38,0.031302653,0.110366344,Madrugada,"Point (-30, -60)"
1940-01-01,22.139,94.93815,21.289,2.0,2.0,0.448,0.39,0.085818194,0.1349163,Madrugada,"Point (-30, -60)"
1940-01-01,22.039,91.213905,20.539,0.1,0.1,0.44,0.392,0.13145526,0.23277593,Madrugada,"Point (-30, -60)"
1940-01-01,22.588999,86.06024,20.139,0.0,0.0,0.434,0.394,0.15387133,0.38187385,Madrugada,"Point (-30, -60)"
1940-01-01,25.289,79.50707,21.489,0.2,0.2,0.431,0.395,0.28118742,0.66002536,Madrugada,"Point (-30, -60)"
1940-01-01,25.989,77.921814,21.838999,0.4,0.4,0.43,0.395,0.31254435,0.74115825,Madrugada,"Point (-30, -60)"
1940-01-01,26.689,74.996124,21.889,0.1,0.1,0.426,0.395,0.43534476,0.874707,Madrugada,"Point (-30, -60)"
1940-01-01,27.539,70.6959,21.739,0.1,0.1,0.422,0.395,0.55533504,1.0774853,Madrugada,"Point (-30, -60)"
1940-01-01,28.239,65.8204,21.239,0.0,0.0,0.417,0.394,0.38834935,1.3091013,Madrugada,"Point (-30, -60)"
1940-01-01,28.389,65.44889,21.289,0.0,0.0,0.413,0.394,0.36541012,1.3348963,Madrugada,"Point (-30, -60)"
1940-01-01,28.039,66.591675,21.239,0.0,0.0,0.41,0.393,0.28436533,1.2647719,Madrugada,"Point (-30, -60)"
1940-01-01,27.139,70.406395,21.289,0.0,0.0,0.41,0.394,0.16144708,1.0630205,Madrugada,"Point (-30, -60)"
1940-01-01,24.939,82.68516,21.789,0.0,0.0,0.409,0.394,0.043285027,0.5461669,Madrugada,"Point (-30, -60)"
1940-01-01,20.7,64.430725,13.75,,,0.0,0.0,,0.86869025,Madrugada,"Point (-30, 0)"
1940-01-01,20.75,64.23268,13.75,,,0.0,0.0,,0.8762164,Madrugada,"Point (-30, 0)"
1940-01-01,20.75,64.4416,13.8,,,0.0,0.0,,0.87109554,Madrugada,"Point (-30, 0)"
1940-01-01,20.75,64.86125,13.9,,,0.0,0.0,,0.8608098,Madrugada,"Point (-30, 0)"
1940-01-01,20.75,65.49524,14.05,,,0.0,0.0,,0.8452709,Madrugada,"Point (-30, 0)"
1940-01-01,20.8,65.71837,14.15,,,0.0,0.0,,0.84238386,Madrugada,"Point (-30, 0)"
1940-01-01,20.9,65.10419,14.1,,,0.0,0.0,,0.86276126,Madrugada,"Point (-30, 0)"
1940-01-01,20.95,64.90436,14.1,0.0,0.0,0.0,0.0,0.15230313,0.87036943,Madrugada,"Point (-30, 0)"
1940-01-01,21.05,64.925896,14.2,0.0,0.0,0.0,0.0,0.2892514,0.87518275,Madrugada,"Point (-30, 0)"
1940-01-01,21.05,64.925896,14.2,0.0,0.0,0.0,0.0,0.38806915,0.87518275,Madrugada,"Point (-30, 0)"
1940-01-01,21.25,62.898937,13.9,0.0,0.0,0.0,0.0,0.4645836,0.9371934,Madrugada,"Point (-30, 0)"
1940-01-01,21.25,63.308228,14.0,0.0,0.0,0.0,0.0,0.50330365,0.926849,Madrugada,"Point (-30, 0)"
1940-01-01,21.35,63.33042,14.1,0.0,0.0,0.0,0.0,0.553529,0.93196917,Madrugada,"Point (-30, 0)"
1940-01-01,21.35,63.535847,14.15,0.0,0.0,0.0,0.0,0.5413335,0.9267452,Madrugada,"Point (-30, 0)"
1940-01-01,21.35,63.94848,14.25,0.0,0.0,0.0,0.0,0.476682,0.9162524,Madrugada,"Point (-30, 0)"
1940-01-01,21.35,65.20054,14.55,0.0,0.0,0.0,0.0,0.41057009,0.88441443,Madrugada,"Point (-30, 0)"
1940-01-01,21.4,65.421936,14.65,0.0,0.0,0.0,0.0,0.37282673,0.881474,Madrugada,"Point (-30, 0)"
1940-01-01,21.4,65.421936,14.65,0.0,0.0,0.0,0.0,0.29538697,0.881474,Madrugada,"Point (-30, 0)"
1940-01-01,21.4,65.63325,14.7,0.0,0.0,0.0,0.0,0.18906735,0.8760841,Madrugada,"Point (-30, 0)"
1940-01-01,21.4,65.84516,14.75,0.0,0.0,0.0,0.0,0.10753526,0.87067914,Madrugada,"Point (-30, 0)"
1940-01-01,21.4,66.2708,14.85,0.0,0.0,0.0,0.0,0.082112566,0.85982347,Madrugada,"Point (-30, 0)"
1940-01-01,21.4,66.69884,14.95,0.0,0.0,0.0,0.0,0.07975221,0.84890616,Madrugada,"Point (-30, 0)"
1940-01-01,21.5,70.00653,15.8,0.0,0.0,0.0,0.0,0.07275079,0.76923215,Madrugada,"Point (-30, 0)"
1940-01-01,21.35,72.01928,16.1,0.0,0.0,0.0,0.0,0.07003007,0.7110442,Madrugada,"Point (-30, 0)"
1940-01-01,21.35,73.4091,16.4,0.0,0.0,0.0,0.0,0.06891568,0.67571163,Madrugada,"Point (-30, 0)"
1940-01-01,21.45,73.89466,16.6,0.0,0.0,0.0,0.0,0.06697235,0.66743267,Madrugada,"Point (-30, 0)"
1940-01-01,21.4,76.75185,17.15,0.0,0.0,0.0,0.0,0.054399274,0.59254456,Madrugada,"Point (-30, 0)"
1940-01-01,21.35,79.207016,17.6,0.1,0.1,0.0,0.0,0.046401873,0.5283308,Madrugada,"Point (-30, 0)"
1940-01-01,21.05,84.57393,18.35,0.8,0.8,0.0,0.0,0.029599875,0.3848033,Madrugada,"Point (-30, 0)"
1940-01-01,20.55,88.31614,18.55,1.1,1.1,0.0,0.0,0.028592257,0.28263116,Madrugada,"Point (-30, 0)"
1940-01-01,20.15,88.838524,18.25,0.9,0.9,0.0,0.0,0.053273726,0.26342392,Madrugada,"Point (-30, 0)"
1940-01-01,20.15,87.18009,17.95,0.6,0.6,0.0,0.0,0.07619341,0.302572,Madrugada,"Point (-30, 0)"
1940-01-01,20.35,82.65197,17.3,0.1,0.1,0.0,0.0,0.11769569,0.4145484,Madrugada,"Point (-30, 0)"
1940-01-01,20.5,75.88277,16.1,0.0,0.0,0.0,0.0,0.16018069,0.5817081,Madrugada,"Point (-30, 0)"
1940-01-01,20.7,72.828636,15.65,0.0,0.0,0.0,0.0,0.23315959,0.6635103,Madrugada,"Point (-30, 0)"
1940-01-01,20.75,71.451065,15.4,0.0,0.0,0.0,0.0,0.3517046,0.6993083,Madrugada,"Point (-30, 0)"
1940-01-01,20.75,68.96948,14.85,0.0,0.0,0.0,0.0,0.43103543,0.760123,Madrugada,"Point (-30, 0)"
1940-01-01,20.6,65.67596,13.95,0.0,0.0,0.0,0.0,0.4027505,0.83312714,Madrugada,"Point (-30, 0)"
1940-01-01,20.45,65.85757,13.85,0.0,0.0,0.0,0.0,0.35301298,0.82110584,Madrugada,"Point (-30, 0)"
1940-01-01,20.35,66.696655,13.95,0.0,0.0,0.0,0.0,0.3918219,0.7959999,Madrugada,"Point (-30, 0)"
1940-01-01,20.25,66.459785,13.8,0.0,0.0,0.0,0.0,0.35298547,0.796739,Madrugada,"Point (-30, 0)"
1940-01-01,20.15,67.74536,14.0,0.0,0.0,0.0,0.0,0.2682606,0.7614769,Madrugada,"Point (-30, 0)"
1940-01-01,20.05,68.16576,14.0,0.0,0.0,0.0,0.0,0.20185767,0.74692357,Madrugada,"Point (-30, 0)"
1940-01-01,19.9,68.13561,13.85,0.0,0.0,0.0,0.0,0.13760385,0.74073565,Madrugada,"Point (-30, 0)"
1940-01-01,19.8,67.89455,13.7,0.0,0.0,0.0,0.0,0.12067754,0.7417407,Madrugada,"Point (-30, 0)"
1940-01-01,19.6,67.85401,13.5,0.0,0.0,0.0,0.0,0.12208654,0.73353887,Madrugada,"Point (-30, 0)"
1940-01-01,19.45,68.044876,13.4,0.0,0.0,0.0,0.0,0.11621466,0.7224325,Madrugada,"Point (-30, 0)"
1940-01-01,19.35,67.5825,13.2,0.0,0.0,0.0,0.0,0.108419225,0.72835636,Madrugada,"Point (-30, 0)"
1940-01-01,21.3,91.73364,19.9,,,0.0,0.0,,0.20935893,Madrugada,"Point (-30, 60)"
1940-01-01,21.35,91.17003,19.85,,,0.0,0.0,,0.22432017,Madrugada,"Point (-30, 60)"
1940-01-01,21.4,90.32935,19.75,,,0.0,0.0,,0.24643183,Madrugada,"Point (-30, 60)"
1940-01-01,21.45,89.77422,19.7,,,0.0,0.0,,0.26137614,Madrugada,"Point (-30, 60)"
1940-01-01,21.45,89.21868,19.6,,,0.0,0.0,,0.27557874,Madrugada,"Point (-30, 60)"
1940-01-01,21.55,88.399284,19.55,,,0.0,0.0,,0.298342,Madrugada,"Point (-30, 60)"
1940-01-01,21.6,87.5833,19.45,,,0.0,0.0,,0.32030654,Madrugada,"Point (-30, 60)"
1940-01-01,21.6,87.31141,19.4,0.1,0.1,0.0,0.0,0.46737346,0.32732224,Madrugada,"Point (-30, 60)"
1940-01-01,21.7,86.240974,19.3,0.1,0.1,0.0,0.0,0.47286797,0.35711217,Madrugada,"Point (-30, 60)"
1940-01-01,21.8,84.39101,19.05,0.0,0.0,0.0,0.0,0.5119126,0.40761447,Madrugada,"Point (-30, 60)"
1940-01-01,21.8,84.12825,19.0,0.0,0.0,0.0,0.0,0.46118242,0.41447806,Madrugada,"Point (-30, 60)"
1940-01-01,21.9,82.57865,18.8,0.0,0.0,0.0,0.0,0.4036471,0.45773387,Madrugada,"Point (-30, 60)"
1940-01-01,21.95,80.54399,18.45,0.0,0.0,0.0,0.0,0.32772473,0.51276755,Madrugada,"Point (-30, 60)"
1940-01-01,21.85,81.037025,18.45,0.0,0.0,0.0,0.0,0.2049802,0.49673772,Madrugada,"Point (-30, 60)"
1940-01-01,21.65,82.03331,18.45,0.0,0.0,0.0,0.0,0.13168749,0.46493363,Madrugada,"Point (-30, 60)"
1940-01-01,21.55,82.79546,18.5,0.0,0.0,0.0,0.0,0.07148496,0.4424982,Madrugada,"Point (-30, 60)"
1940-01-01,21.45,83.564964,18.55,0.0,0.0,0.0,0.0,0.042276982,0.42012906,Madrugada,"Point (-30, 60)"
1940-01-01,21.45,83.564964,18.55,0.0,0.0,0.0,0.0,0.039821643,0.42012906,Madrugada,"Point (-30, 60)"
1940-01-01,21.45,83.303795,18.5,0.0,0.0,0.0,0.0,0.037079245,0.42680764,Madrugada,"Point (-30, 60)"
1940-01-01,21.45,82.78354,18.4,0.0,0.0,0.0,0.0,0.03393898,0.44010973,Madrugada,"Point (-30, 60)"
1940-01-01,21.6,81.770424,18.35,0.0,0.0,0.0,0.0,0.034687303,0.4703021,Madrugada,"Point (-30, 60)"
1940-01-01,21.6,81.770424,18.35,0.0,0.0,0.0,0.0,0.033470683,0.4703021,Madrugada,"Point (-30, 60)"
1940-01-01,21.65,82.29061,18.5,0.1,0.1,0.0,0.0,0.03064774,0.45827365,Madrugada,"Point (-30, 60)"
1940-01-01,21.6,82.54258,18.5,0.1,0.1,0.0,0.0,0.031212827,0.4503758,Madrugada,"Point (-30, 60)"
1940-01-01,21.7,81.272,18.35,0.0,0.0,0.0,0.0,0.037718747,0.4861195,Madrugada,"Point (-30, 60)"
1940-01-01,21.75,81.02406,18.35,0.0,0.0,0.0,0.0,0.042032763,0.4940598,Madrugada,"Point (-30, 60)"
1940-01-01,21.75,78.76626,17.9,0.1,0.1,0.0,0.0,0.074667156,0.55286336,Madrugada,"Point (-30, 60)"
1940-01-01,21.7,78.75913,17.85,0.0,0.0,0.0,0.0,0.13187198,0.5513675,Madrugada,"Point (-30, 60)"
1940-01-01,21.5,79.979706,17.9,0.0,0.0,0.0,0.0,0.21342878,0.51337314,Madrugada,"Point (-30, 60)"
1940-01-01,21.4,79.714745,17.75,0.0,0.0,0.0,0.0,0.29878297,0.51700306,Madrugada,"Point (-30, 60)"
1940-01-01,21.3,80.20474,17.75,0.0,0.0,0.0,0.0,0.39147016,0.5014372,Madrugada,"Point (-30, 60)"
1940-01-01,21.2,79.1859,17.45,0.0,0.0,0.0,0.0,0.41215292,0.5240394,Madrugada,"Point (-30, 60)"
1940-01-01,21.0,79.91154,17.4,0.0,0.0,0.0,0.0,0.4705708,0.4996084,Madrugada,"Point (-30, 60)"
1940-01-01,20.95,79.4013,17.25,0.0,0.0,0.0,0.0,0.4904019,0.5107354,Madrugada,"Point (-30, 60)"
1940-01-01,20.9,79.64576,17.25,0.0,0.0,0.0,0.0,0.49112114,0.5031272,Madrugada,"Point (-30, 60)"
1940-01-01,20.8,79.12943,17.05,0.0,0.0,0.0,0.0,0.4338986,0.5127387,Madrugada,"Point (-30, 60)"
1940-01-01,20.65,78.3591,16.75,0.0,0.0,0.0,0.0,0.33471557,0.5267955,Madrugada,"Point (-30, 60)"
1940-01-01,20.6,76.627495,16.35,0.0,0.0,0.0,0.0,0.23541614,0.5672163,Madrugada,"Point (-30, 60)"
1940-01-01,20.45,75.15152,15.9,0.0,0.0,0.0,0.0,0.1518539,0.5975108,Madrugada,"Point (-30, 60)"
1940-01-01,20.35,72.30092,15.2,0.0,0.0,0.0,0.0,0.10584478,0.66199636,Madrugada,"Point (-30, 60)"
1940-01-01,20.35,70.91943,14.9,0.0,0.0,0.0,0.0,0.085073784,0.6950271,Madrugada,"Point (-30, 60)"
1940-01-01,20.4,70.02099,14.75,0.0,0.0,0.0,0.0,0.088791564,0.718719,Madrugada,"Point (-30, 60)"
1940-01-01,20.4,70.473625,14.85,0.0,0.0,0.0,0.0,0.08800066,0.70786333,Madrugada,"Point (-30, 60)"
1940-01-01,20.4,71.38658,15.05,0.0,0.0,0.0,0.0,0.08374245,0.68596685,Madrugada,"Point (-30, 60)"
1940-01-01,20.3,71.82872,15.05,0.0,0.0,0.0,0.0,0.080680996,0.67121565,Madrugada,"Point (-30, 60)"
1940-01-01,20.2,72.27393,15.05,0.0,0.0,0.0,0.0,0.07505994,0.6565443,Madrugada,"Point (-30, 60)"
1940-01-01,20.1,73.42673,15.2,0.0,0.0,0.0,0.0,0.058903556,0.62536645,Madrugada,"Point (-30, 60)"
1940-01-01,20.0,73.882545,15.2,0.0,0.0,0.0,0.0,0.05530735,0.6108527,Madrugada,"Point (-30, 60)"
1940-01-01,28.390999,26.806267,7.491,,,0.035,0.059,,2.8307002,Madrugada,"Point (-30, 120)"
1940-01-01,31.391,23.659315,8.191,,,0.035,0.059,,3.506766,Madrugada,"Point (-30, 120)"
1940-01-01,33.041,20.690031,7.5910006,,,0.035,0.059,,3.998478,Madrugada,"Point (-30, 120)"
1940-01-01,35.291,17.457766,6.941,,,0.035,0.059,,4.715942,Madrugada,"Point (-30, 120)"
1940-01-01,35.941,15.777075,5.991,,,0.035,0.059,,4.9872665,Madrugada,"Point (-30, 120)"
1940-01-01,33.641003,17.61782,5.741,,,0.053,0.059,,4.295379,Madrugada,"Point (-30, 120)"
1940-01-01,36.091,12.158169,2.391,,,0.051,0.059,,5.2450924,Madrugada,"Point (-30, 120)"
1940-01-01,36.191,9.885724,-0.40900016,0.0,0.0,0.049,0.059,0.99526054,5.4106855,Madrugada,"Point (-30, 120)"
1940-01-01,35.241,9.898469,-1.1090001,0.0,0.0,0.048,0.059,0.8850525,5.1347847,Madrugada,"Point (-30, 120)"
1940-01-01,33.591,10.890076,-1.059,0.0,0.0,0.047,0.059,0.7201834,4.63402,Madrugada,"Point (-30, 120)"
1940-01-01,31.991,11.65764,-1.3590001,0.0,0.0,0.047,0.059,0.53436685,4.199392,Madrugada,"Point (-30, 120)"
1940-01-01,30.340998,12.853685,-1.309,0.0,0.0,0.047,0.059,0.3553025,3.7717593,Madrugada,"Point (-30, 120)"
1940-01-01,28.691,14.716981,-0.75900006,0.0,0.0,0.046,0.059,0.29539743,3.356829,Madrugada,"Point (-30, 120)"
1940-01-01,26.591,20.075432,1.8409998,0.0,0.0,0.046,0.059,0.30553627,2.7830272,Madrugada,"Point (-30, 120)"
1940-01-01,24.191,26.867287,3.9409997,0.0,0.0,0.046,0.059,0.27075887,2.2084076,Madrugada,"Point (-30, 120)"
1940-01-01,22.290998,31.649172,4.641,0.0,0.0,0.046,0.059,0.23528968,1.8405001,Madrugada,"Point (-30, 120)"
1940-01-01,20.390999,37.85524,5.5410004,0.0,0.0,0.046,0.059,0.19667551,1.4896727,Madrugada,"Point (-30, 120)"
1940-01-01,18.640999,45.065575,6.491,0.0,0.0,0.046,0.059,0.16173835,1.1812811,Madrugada,"Point (-30, 120)"
1940-01-01,17.091,51.594276,7.0410004,0.0,0.0,0.046,0.059,0.12566131,0.9442495,Madrugada,"Point (-30, 120)"
1940-01-01,15.991,55.902405,7.191,0.0,0.0,0.045,0.059,0.097310774,0.80216765,Madrugada,"Point (-30, 120)"
1940-01-01,15.091001,59.018066,7.141,0.0,0.0,0.045,0.059,0.083000675,0.70376325,Madrugada,"Point (-30, 120)"
1940-01-01,14.341001,60.89026,6.891,0.0,0.0,0.045,0.059,0.072415106,0.63994104,Madrugada,"Point (-30, 120)"
1940-01-01,14.491,60.302856,6.891,0.0,0.0,0.045,0.059,0.087803796,0.65587443,Madrugada,"Point (-30, 120)"
1940-01-01,15.341001,56.89635,6.8410006,0.0,0.0,0.045,0.059,0.15094528,0.7521748,Madrugada,"Point (-30, 120)"
1940-01-01,16.941,50.503082,6.5910006,0.0,0.0,0.045,0.059,0.2554912,0.95642895,Madrugada,"Point (-30, 120)"
1940-01-01,19.140999,40.62406,5.441,0.0,0.0,0.045,0.059,0.42395857,1.317266,Madrugada,"Point (-30, 120)"
1940-01-01,21.091,32.886906,4.141,0.0,0.0,0.045,0.059,0.5718603,1.6795735,Madrugada,"Point (-30, 120)"
1940-01-01,22.640999,26.723785,2.5410001,0.0,0.0,0.044,0.059,0.6863429,2.0155756,Madrugada,"Point (-30, 120)"
1940-01-01,23.941,20.72373,0.09099984,0.0,0.0,0.044,0.059,0.76464033,2.3585103,Madrugada,"Point (-30, 120)"
1940-01-01,24.991,15.500686,-3.009,0.0,0.0,0.044,0.059,0.79986537,2.6767821,Madrugada,"Point (-30, 120)"
1940-01-01,25.591,12.395836,-5.509,0.0,0.0,0.043,0.059,0.78404605,2.875848,Madrugada,"Point (-30, 120)"
1940-01-01,25.591,11.181721,-6.859,0.0,0.0,0.043,0.059,0.71929634,2.9157147,Madrugada,"Point (-30, 120)"
1940-01-01,25.091,11.431051,-6.9589996,0.0,0.0,0.043,0.059,0.61173344,2.8224938,Madrugada,"Point (-30, 120)"
1940-01-01,24.091,12.323358,-6.759,0.0,0.0,0.043,0.059,0.48006958,2.6321206,Madrugada,"Point (-30, 120)"
1940-01-01,24.841,11.381713,-7.2089996,0.0,0.0,0.043,0.059,0.36143187,2.782344,Madrugada,"Point (-30, 120)"
1940-01-01,22.991,13.52603,-6.4090004,0.0,0.0,0.043,0.059,0.22780673,2.4297192,Madrugada,"Point (-30, 120)"
1940-01-01,21.591,15.185622,-6.009,0.0,0.0,0.043,0.059,0.2031185,2.1887555,Madrugada,"Point (-30, 120)"
1940-01-01,20.341,16.460829,-5.959,0.0,0.0,0.043,0.059,0.197601,1.9966234,Madrugada,"Point (-30, 120)"
1940-01-01,19.191,17.41014,-6.1590004,0.0,0.0,0.043,0.059,0.1866962,1.8381948,Madrugada,"Point (-30, 120)"
1940-01-01,18.091,18.367502,-6.359,0.0,0.0,0.043,0.059,0.16833487,1.6961833,Madrugada,"Point (-30, 120)"
1940-01-01,16.991,19.388294,-6.559,0.0,0.0,0.043,0.059,0.15195453,1.5627741,Madrugada,"Point (-30, 120)"
1940-01-01,16.040998,21.15431,-6.209,0.0,0.0,0.043,0.059,0.1642161,1.4390104,Madrugada,"Point (-30, 120)"
1940-01-01,14.141,33.244713,-1.809,0.0,0.0,0.043,0.059,0.15231618,1.078378,Madrugada,"Point (-30, 120)"
1940-01-01,12.141,46.944473,1.141,0.0,0.0,0.043,0.059,0.10399623,0.75223583,Madrugada,"Point (-30, 120)"
1940-01-01,11.041,52.325687,1.641,0.0,0.0,0.043,0.059,0.08658555,0.6285798,Madrugada,"Point (-30, 120)"
1940-01-01,10.291,55.596798,1.7910001,0.0,0.0,0.043,0.059,0.07595919,0.55695784,Madrugada,"Point (-30, 120)"
1940-01-01,10.491,55.84801,2.0410001,0.0,0.0,0.043,0.059,0.062982775,0.5612398,Madrugada,"Point (-30, 120)"
1940-01-01,11.991,49.84832,1.8409998,0.0,0.0,0.043,0.059,0.1518699,0.7040796,Madrugada,"Point (-30, 120)"
1940-01-01,17.95,83.42634,15.1,,,0.0,0.0,,0.34115314,Madrugada,"Point (30, 180)"
1940-01-01,17.3,88.6065,15.4,,,0.0,0.0,,0.22511494,Madrugada,"Point (30, 180)"
1940-01-01,18.1,74.27595,13.45,,,0.0,0.0,,0.53456926,Madrugada,"Point (30, 180)"
1940-01-01,18.2,68.68807,12.35,,,0.0,0.0,,0.6548246,Madrugada,"Point (30, 180)"
1940-01-01,17.85,68.61805,12.0,,,0.0,0.0,,0.64203894,Madrugada,"Point (30, 180)"
1940-01-01,17.2,71.49057,12.0,,,0.0,0.0,,0.5598619,Madrugada,"Point (30, 180)"
1940-01-01,16.55,74.49864,12.0,,,0.0,0.0,,0.48059154,Madrugada,"Point (30, 180)"
1940-01-01,16.2,74.68501,11.7,0.0,0.0,0.0,0.0,0.08331974,0.46658695,Madrugada,"Point (30, 180)"
1940-01-01,16.05,72.95011,11.2,0.0,0.0,0.0,0.0,0.082950145,0.49383378,Madrugada,"Point (30, 180)"
1940-01-01,16.05,71.27526,10.85,0.0,0.0,0.0,0.0,0.085425206,0.5244192,Madrugada,"Point (30, 180)"
1940-01-01,15.95,67.55298,9.95,0.0,0.0,0.0,0.0,0.08017976,0.58863354,Madrugada,"Point (30, 180)"
1940-01-01,16.15,65.36897,9.65,0.0,0.0,0.0,0.0,0.091329195,0.6363232,Madrugada,"Point (30, 180)"
1940-01-01,16.35,63.46679,9.4,0.0,0.0,0.0,0.0,0.10175109,0.67988133,Madrugada,"Point (30, 180)"
1940-01-01,16.45,62.85253,9.35,0.0,0.0,0.0,0.0,0.1080299,0.69572306,Madrugada,"Point (30, 180)"
1940-01-01,16.55,62.45412,9.35,0.1,0.1,0.0,0.0,0.11416609,0.70766556,Madrugada,"Point (30, 180)"
1940-01-01,16.6,62.465595,9.4,0.1,0.1,0.0,0.0,0.115173034,0.70969725,Madrugada,"Point (30, 180)"
1940-01-01,16.45,64.56334,9.75,0.2,0.2,0.0,0.0,0.105574526,0.6636709,Madrugada,"Point (30, 180)"
1940-01-01,16.3,65.84107,9.9,0.2,0.2,0.0,0.0,0.09718768,0.63366437,Madrugada,"Point (30, 180)"
1940-01-01,16.25,66.7174,10.05,0.0,0.0,0.0,0.0,0.09076875,0.61544275,Madrugada,"Point (30, 180)"
1940-01-01,16.1,68.49292,10.3,0.0,0.0,0.0,0.0,0.076659344,0.5770657,Madrugada,"Point (30, 180)"
1940-01-01,16.0,68.9314,10.3,0.0,0.0,0.0,0.0,0.08698884,0.56541896,Madrugada,"Point (30, 180)"
1940-01-01,15.9,69.14185,10.25,0.0,0.0,0.0,0.0,0.1443038,0.5580189,Madrugada,"Point (30, 180)"
1940-01-01,15.25,67.4076,9.25,0.0,0.0,0.0,0.0,0.19478454,0.5653939,Madrugada,"Point (30, 180)"
1940-01-01,15.25,65.17276,8.75,0.0,0.0,0.0,0.0,0.23494223,0.60417414,Madrugada,"Point (30, 180)"
1940-01-01,15.25,64.08006,8.5,0.0,0.0,0.0,0.0,0.25017834,0.6231357,Madrugada,"Point (30, 180)"
1940-01-01,15.3,64.52628,8.65,0.0,0.0,0.0,0.0,0.26907519,0.617368,Madrugada,"Point (30, 180)"
1940-01-01,15.3,64.30844,8.6,0.0,0.0,0.0,0.0,0.2536695,0.6211604,Madrugada,"Point (30, 180)"
1940-01-01,15.3,64.09125,8.55,0.0,0.0,0.0,0.0,0.20285887,0.62494135,Madrugada,"Point (30, 180)"
1940-01-01,15.3,62.58897,8.2,0.0,0.0,0.0,0.0,0.14874719,0.65109456,Madrugada,"Point (30, 180)"
1940-01-01,15.3,61.744556,8.0,0.0,0.0,0.0,0.0,0.0929826,0.6657951,Madrugada,"Point (30, 180)"
1940-01-01,15.15,60.66745,7.6,0.0,0.0,0.0,0.0,0.072668955,0.6779934,Madrugada,"Point (30, 180)"
1940-01-01,15.2,60.267017,7.55,0.0,0.0,0.0,0.0,0.025978366,0.6870985,Madrugada,"Point (30, 180)"
1940-01-01,15.1,61.908073,7.85,0.0,0.0,0.0,0.0,0.012131474,0.6544981,Madrugada,"Point (30, 180)"
1940-01-01,15.1,65.36057,8.65,0.0,0.0,0.0,0.0,0.006697153,0.5951605,Madrugada,"Point (30, 180)"
1940-01-01,14.8,62.2611,7.65,0.0,0.0,0.0,0.0,0.03473716,0.6360481,Madrugada,"Point (30, 180)"
1940-01-01,14.9,63.137814,7.95,0.0,0.0,0.0,0.0,0.019676346,0.62527704,Madrugada,"Point (30, 180)"
1940-01-01,14.85,66.87095,8.75,0.1,0.1,0.0,0.0,0.009477891,0.56013274,Madrugada,"Point (30, 180)"
1940-01-01,14.9,71.29628,9.75,0.1,0.1,0.0,0.0,0.013719685,0.4868561,Madrugada,"Point (30, 180)"
1940-01-01,15.25,73.049255,10.45,0.1,0.1,0.0,0.0,0.018727329,0.46750247,Madrugada,"Point (30, 180)"
1940-01-01,15.75,73.870384,11.1,0.1,0.1,0.0,0.0,0.026779266,0.4679886,Madrugada,"Point (30, 180)"
1940-01-01,16.05,76.909225,12.0,0.2,0.2,0.0,0.0,0.028330183,0.421538,Madrugada,"Point (30, 180)"
1940-01-01,16.5,78.76582,12.8,0.4,0.4,0.0,0.0,0.029443609,0.39888775,Madrugada,"Point (30, 180)"
1940-01-01,16.95,80.648865,13.6,1.2,1.2,0.0,0.0,0.030074686,0.37401974,Madrugada,"Point (30, 180)"
1940-01-01,17.65,82.32281,14.6,0.3,0.3,0.0,0.0,0.02983086,0.35708022,Madrugada,"Point (30, 180)"
1940-01-01,17.7,87.51239,15.6,0.2,0.2,0.0,0.0,0.046048198,0.25302863,Madrugada,"Point (30, 180)"
1940-01-01,18.55,79.57268,14.95,1.1,1.1,0.0,0.0,0.09699196,0.43659127,Madrugada,"Point (30, 180)"
1940-01-01,14.6,81.13124,11.4,0.8,0.8,0.0,0.0,0.10299985,0.3138944,Madrugada,"Point (30, 180)"
1940-01-01,14.75,82.77418,11.85,0.7,0.7,0.0,0.0,0.13620669,0.28934014,Madrugada,"Point (30, 180)"
1940-01-01,16.25,74.94028,11.8,,,0.0,0.0,,0.46335208,Madrugada,"Point (30, -120)"
1940-01-01,16.2,76.42818,12.05,,,0.0,0.0,,0.4344505,Madrugada,"Point (30, -120)"
1940-01-01,16.15,78.19961,12.35,,,0.0,0.0,,0.40051746,Madrugada,"Point (30, -120)"
1940-01-01,16.05,81.056404,12.8,,,0.0,0.0,,0.34581363,Madrugada,"Point (30, -120)"
1940-01-01,16.0,82.38594,13.0,,,0.0,0.0,,0.32051575,Madrugada,"Point (30, -120)"
1940-01-01,16.0,82.6555,13.05,,,0.0,0.0,,0.31561005,Madrugada,"Point (30, -120)"
1940-01-01,16.15,81.33506,12.95,,,0.0,0.0,,0.3429017,Madrugada,"Point (30, -120)"
1940-01-01,16.05,80.527466,12.7,0.0,0.0,0.0,0.0,0.0071075982,0.35547125,Madrugada,"Point (30, -120)"
1940-01-01,16.0,81.31547,12.8,0.0,0.0,0.0,0.0,0.002788968,0.33999848,Madrugada,"Point (30, -120)"
1940-01-01,16.05,80.26414,12.65,0.0,0.0,0.0,0.0,0.0,0.36027956,Madrugada,"Point (30, -120)"
1940-01-01,16.1,82.12973,13.05,0.0,0.0,0.0,0.0,0.008159728,0.3272568,Madrugada,"Point (30, -120)"
1940-01-01,16.05,82.66163,13.1,0.0,0.0,0.0,0.0,0.011683465,0.3165053,Madrugada,"Point (30, -120)"
1940-01-01,16.0,82.92582,13.1,0.0,0.0,0.0,0.0,0.013853342,0.31069016,Madrugada,"Point (30, -120)"
1940-01-01,16.0,82.38594,13.0,0.0,0.0,0.0,0.0,0.018125353,0.32051575,Madrugada,"Point (30, -120)"
1940-01-01,16.05,81.5884,12.9,0.0,0.0,0.0,0.0,0.020112759,0.33610022,Madrugada,"Point (30, -120)"
1940-01-01,16.0,81.04977,12.75,0.0,0.0,0.0,0.0,0.019823605,0.34483433,Madrugada,"Point (30, -120)"
1940-01-01,16.0,80.784836,12.7,0.0,0.0,0.0,0.0,0.04394271,0.3496561,Madrugada,"Point (30, -120)"
1940-01-01,16.05,80.527466,12.7,0.0,0.0,0.0,0.0,0.10613682,0.35547125,Madrugada,"Point (30, -120)"
1940-01-01,16.1,80.008484,12.65,0.0,0.0,0.0,0.0,0.17582366,0.36611116,Madrugada,"Point (30, -120)"
1940-01-01,16.2,79.499954,12.65,0.0,0.0,0.0,0.0,0.22384323,0.3778231,Madrugada,"Point (30, -120)"
1940-01-01,16.2,78.98057,12.55,0.0,0.0,0.0,0.0,0.26619476,0.38739753,Madrugada,"Point (30, -120)"
1940-01-01,16.25,77.958275,12.4,0.0,0.0,0.0,0.0,0.26661873,0.40753686,Madrugada,"Point (30, -120)"
1940-01-01,16.15,74.67654,11.65,0.0,0.0,0.0,0.0,0.25917694,0.4652604,Madrugada,"Point (30, -120)"
1940-01-01,16.15,74.18483,11.55,0.0,0.0,0.0,0.0,0.21373464,0.47429657,Madrugada,"Point (30, -120)"
1940-01-01,16.15,74.67654,11.65,0.0,0.0,0.0,0.0,0.114604704,0.4652604,Madrugada,"Point (30, -120)"
1940-01-01,16.2,74.93187,11.75,0.0,0.0,0.0,0.0,0.053561594,0.4620359,Madrugada,"Point (30, -120)"
1940-01-01,16.3,74.94871,11.85,0.0,0.0,0.0,0.0,0.04829694,0.46467125,Madrugada,"Point (30, -120)"
1940-01-01,16.35,74.46451,11.8,0.0,0.0,0.0,0.0,0.016742555,0.4751625,Madrugada,"Point (30, -120)"
1940-01-01,16.3,73.96611,11.65,0.0,0.0,0.0,0.0,0.005163354,0.48290205,Madrugada,"Point (30, -120)"
1940-01-01,16.25,74.69349,11.75,0.0,0.0,0.0,0.0,0.00045449202,0.46791625,Madrugada,"Point (30, -120)"
1940-01-01,16.25,76.43616,12.1,0.0,0.0,0.0,0.0,0.019397473,0.4356866,Madrugada,"Point (30, -120)"
1940-01-01,16.25,78.21455,12.45,0.0,0.0,0.0,0.0,0.02408606,0.4027977,Madrugada,"Point (30, -120)"
1940-01-01,16.25,78.47154,12.5,0.0,0.0,0.0,0.0,0.0051044994,0.3980447,Madrugada,"Point (30, -120)"
1940-01-01,16.3,77.45567,12.35,0.0,0.0,0.0,0.0,0.0032400372,0.41815913,Madrugada,"Point (30, -120)"
1940-01-01,16.1,77.424866,12.15,0.0,0.0,0.0,0.0,0.0023052264,0.4134364,Madrugada,"Point (30, -120)"
1940-01-01,16.0,78.69268,12.3,0.0,0.0,0.0,0.0,0.0,0.38773525,Madrugada,"Point (30, -120)"
1940-01-01,16.0,79.2112,12.4,0.0,0.0,0.0,0.0,0.006451925,0.3782978,Madrugada,"Point (30, -120)"
1940-01-01,16.15,79.49287,12.6,0.0,0.0,0.0,0.0,0.016500993,0.37675273,Madrugada,"Point (30, -120)"
1940-01-01,16.25,79.50703,12.7,0.0,0.0,0.0,0.0,0.012808498,0.37889516,Madrugada,"Point (30, -120)"
1940-01-01,16.35,80.0431,12.9,0.0,0.0,0.0,0.0,0.014095479,0.37133455,Madrugada,"Point (30, -120)"
1940-01-01,16.45,80.84497,13.15,0.0,0.0,0.0,0.0,0.037637554,0.35868227,Madrugada,"Point (30, -120)"
1940-01-01,16.6,81.92535,13.5,0.0,0.0,0.0,0.0,0.07818062,0.34168494,Madrugada,"Point (30, -120)"
1940-01-01,16.75,82.47858,13.75,0.0,0.0,0.0,0.0,0.09184715,0.3343886,Madrugada,"Point (30, -120)"
1940-01-01,16.9,82.229774,13.85,0.0,0.0,0.0,0.0,0.12797911,0.3423736,Madrugada,"Point (30, -120)"
1940-01-01,16.95,83.039795,14.05,0.0,0.0,0.0,0.0,0.15266299,0.32779884,Madrugada,"Point (30, -120)"
1940-01-01,16.95,83.5795,14.15,0.0,0.0,0.0,0.0,0.17521438,0.31736565,Madrugada,"Point (30, -120)"
1940-01-01,16.6,83.53884,13.8,0.0,0.0,0.0,0.0,0.20287764,0.3111775,Madrugada,"Point (30, -120)"
1940-01-01,16.65,83.81621,13.9,0.0,0.0,0.0,0.0,0.17766735,0.30690515,Madrugada,"Point (30, -120)"
1940-01-01,23.432,75.87146,18.932,,,0.0,0.0,,0.6955998,Madrugada,"Point (30, -60)"
1940-01-01,23.282,73.97251,18.382,,,0.0,0.0,,0.74362683,Madrugada,"Point (30, -60)"
1940-01-01,23.132,74.64605,18.382,,,0.0,0.0,,0.7178583,Madrugada,"Point (30, -60)"
1940-01-01,22.932,75.55487,18.382,,,0.0,0.0,,0.68381524,Madrugada,"Point (30, -60)"
1940-01-01,22.732,75.998116,18.282,,,0.0,0.0,,0.66334724,Madrugada,"Point (30, -60)"
1940-01-01,22.581999,74.32048,17.782,,,0.0,0.0,,0.70332,Madrugada,"Point (30, -60)"
1940-01-01,22.532,73.1499,17.482,,,0.0,0.0,,0.73317194,Madrugada,"Point (30, -60)"
1940-01-01,22.532,73.38105,17.532,0.0,0.0,0.0,0.0,0.061628345,0.7268572,Madrugada,"Point (30, -60)"
1940-01-01,22.581999,73.62143,17.632,0.0,0.0,0.0,0.0,0.06763577,0.72247505,Madrugada,"Point (30, -60)"
1940-01-01,22.632,73.62999,17.682,0.0,0.0,0.0,0.0,0.07821529,0.72442913,Madrugada,"Point (30, -60)"
1940-01-01,23.081999,74.4041,18.282,0.0,0.0,0.0,0.0,0.08037863,0.72253084,Madrugada,"Point (30, -60)"
1940-01-01,23.032,73.69837,18.082,0.0,0.0,0.0,0.0,0.07302822,0.74022484,Madrugada,"Point (30, -60)"
1940-01-01,23.032,72.77747,17.882,0.0,0.0,0.0,0.0,0.09984795,0.76615477,Madrugada,"Point (30, -60)"
1940-01-01,22.982,71.631485,17.582,0.0,0.0,0.0,0.0,0.17107444,0.7960174,Madrugada,"Point (30, -60)"
1940-01-01,23.032,66.82141,16.532,0.0,0.0,0.0,0.0,0.25161776,0.933879,Madrugada,"Point (30, -60)"
1940-01-01,23.182,64.55276,16.132,0.0,0.0,0.0,0.0,0.30078167,1.0068394,Madrugada,"Point (30, -60)"
1940-01-01,23.232,63.94873,16.032,0.0,0.0,0.0,0.0,0.32705575,1.0270962,Madrugada,"Point (30, -60)"
1940-01-01,23.382,63.37214,16.032,0.0,0.0,0.0,0.0,0.3226686,1.0530015,Madrugada,"Point (30, -60)"
1940-01-01,23.532,62.80138,16.032,0.0,0.0,0.0,0.0,0.28907767,1.0791117,Madrugada,"Point (30, -60)"
1940-01-01,23.632,62.42409,16.032,0.0,0.0,0.0,0.0,0.2780904,1.0966336,Madrugada,"Point (30, -60)"
1940-01-01,23.632,62.62357,16.082,0.0,0.0,0.0,0.0,0.2004715,1.090808,Madrugada,"Point (30, -60)"
1940-01-01,23.682,62.43528,16.082,0.0,0.0,0.0,0.0,0.14317702,1.0996035,Madrugada,"Point (30, -60)"
1940-01-01,23.682,62.634727,16.132,0.0,0.0,0.0,0.0,0.13131215,1.0937616,Madrugada,"Point (30, -60)"
1940-01-01,23.682,63.2364,16.282,0.0,0.0,0.0,0.0,0.109556794,1.0761377,Madrugada,"Point (30, -60)"
1940-01-01,23.581999,62.412918,15.982,0.0,0.0,0.0,0.0,0.1230884,1.0936706,Madrugada,"Point (30, -60)"
1940-01-01,23.432,62.979923,15.982,0.0,0.0,0.0,0.0,0.1332835,1.067491,Madrugada,"Point (30, -60)"
1940-01-01,23.132,65.78771,16.382,0.0,0.0,0.0,0.0,0.12901649,0.96881723,Madrugada,"Point (30, -60)"
1940-01-01,23.132,68.12648,16.932,0.0,0.0,0.0,0.0,0.11817725,0.9025519,Madrugada,"Point (30, -60)"
1940-01-01,23.331999,66.882835,16.832,0.1,0.1,0.0,0.0,0.13135149,0.94915485,Madrugada,"Point (30, -60)"
1940-01-01,23.682,65.07203,16.732,0.1,0.1,0.0,0.0,0.14899224,1.0223721,Madrugada,"Point (30, -60)"
1940-01-01,24.032,63.112614,16.582,0.0,0.0,0.0,0.0,0.16450235,1.1026622,Madrugada,"Point (30, -60)"
1940-01-01,24.232,62.558094,16.632,0.0,0.0,0.0,0.0,0.1738584,1.1327238,Madrugada,"Point (30, -60)"
1940-01-01,24.331999,64.187195,17.132,0.0,0.0,0.0,0.0,0.16922352,1.0899003,Madrugada,"Point (30, -60)"
1940-01-01,24.482,64.6266,17.382,0.1,0.1,0.0,0.0,0.17253223,1.086203,Madrugada,"Point (30, -60)"
1940-01-01,24.682,64.26263,17.482,0.0,0.0,0.0,0.0,0.17251442,1.1105521,Madrugada,"Point (30, -60)"
1940-01-01,24.782,65.5105,17.882,0.0,0.0,0.0,0.0,0.16714674,1.0781503,Madrugada,"Point (30, -60)"
1940-01-01,24.732,67.590126,18.332,0.0,0.0,0.0,0.0,0.17828993,1.0100887,Madrugada,"Point (30, -60)"
1940-01-01,24.682,69.51153,18.732,0.0,0.0,0.0,0.0,0.22397079,0.9473467,Madrugada,"Point (30, -60)"
1940-01-01,24.831999,68.462036,18.632,0.0,0.0,0.0,0.0,0.29887456,0.98876715,Madrugada,"Point (30, -60)"
1940-01-01,25.032,67.6501,18.632,0.0,0.0,0.0,0.0,0.34779698,1.0263722,Madrugada,"Point (30, -60)"
1940-01-01,24.831999,70.63315,19.132,0.1,0.1,0.0,0.0,0.34155306,0.9206617,Madrugada,"Point (30, -60)"
1940-01-01,24.382,75.55166,19.782,0.2,0.2,0.0,0.0,0.31218562,0.7461102,Madrugada,"Point (30, -60)"
1940-01-01,24.081999,77.88236,19.982,0.1,0.1,0.0,0.0,0.25746033,0.6629584,Madrugada,"Point (30, -60)"
1940-01-01,24.081999,78.12382,20.032,0.1,0.1,0.0,0.0,0.23305677,0.6557181,Madrugada,"Point (30, -60)"
1940-01-01,23.982,78.5944,20.032,0.0,0.0,0.0,0.0,0.16385205,0.6377778,Madrugada,"Point (30, -60)"
1940-01-01,24.032,78.11653,19.982,0.0,0.0,0.0,0.0,0.114791155,0.6539767,Madrugada,"Point (30, -60)"
1940-01-01,24.282,75.770386,19.732,0.1,0.1,0.0,0.0,0.095400654,0.735029,Madrugada,"Point (30, -60)"
1940-01-01,24.132,75.51167,19.532,0.1,0.1,0.0,0.0,0.075997055,0.73624873,Madrugada,"Point (30, -60)"
1940-01-01,1.2970002,72.50648,-3.103,,,0.036,0.004,,0.18504456,Madrugada,"Point (30, 0)"
1940-01-01,0.8469999,74.33484,-3.203,,,0.036,0.004,,0.16723725,Madrugada,"Point (30, 0)"
1940-01-01,0.34699988,76.49397,-3.303,,,0.036,0.004,,0.14773673,Madrugada,"Point (30, 0)"
1940-01-01,-0.102999926,78.44175,-3.403,,,0.036,0.004,,0.13114578,Madrugada,"Point (30, 0)"
1940-01-01,-0.503,79.26279,-3.6529999,,,0.036,0.004,,0.12253207,Madrugada,"Point (30, 0)"
1940-01-01,-0.753,80.41931,-3.703,,,0.036,0.004,,0.113607526,Madrugada,"Point (30, 0)"
1940-01-01,-1.353,81.54728,-4.103,,,0.036,0.004,,0.10246059,Madrugada,"Point (30, 0)"
1940-01-01,-1.553,81.51957,-4.303,0.0,0.0,0.036,0.004,0.0061251475,0.10111719,Madrugada,"Point (30, 0)"
1940-01-01,-0.15300012,77.27098,-3.6529999,0.0,0.0,0.036,0.004,0.023684414,0.13776523,Madrugada,"Point (30, 0)"
1940-01-01,2.497,66.800804,-3.053,0.0,0.0,0.036,0.004,0.082221314,0.24344498,Madrugada,"Point (30, 0)"
1940-01-01,5.047,57.09297,-2.753,0.0,0.0,0.036,0.004,0.15637808,0.37644812,Madrugada,"Point (30, 0)"
1940-01-01,7.1469994,50.127865,-2.553,0.0,0.0,0.036,0.004,0.22193797,0.50580746,Madrugada,"Point (30, 0)"
1940-01-01,8.847,44.98938,-2.453,0.0,0.0,0.035,0.004,0.266141,0.62626225,Madrugada,"Point (30, 0)"
1940-01-01,9.997,42.10775,-2.303,0.0,0.0,0.035,0.004,0.28264654,0.7120179,Madrugada,"Point (30, 0)"
1940-01-01,10.646999,40.61938,-2.203,0.0,0.0,0.035,0.004,0.26357162,0.76268995,Madrugada,"Point (30, 0)"
1940-01-01,10.747,40.350025,-2.203,0.0,0.0,0.034,0.004,0.2115272,0.77126276,Madrugada,"Point (30, 0)"
1940-01-01,10.547,41.193726,-2.1030002,0.0,0.0,0.034,0.004,0.16066457,0.7503028,Madrugada,"Point (30, 0)"
1940-01-01,9.097,46.58218,-1.753,0.0,0.0,0.034,0.004,0.090788744,0.6184745,Madrugada,"Point (30, 0)"
1940-01-01,7.7469997,51.419937,-1.653,0.0,0.0,0.034,0.004,0.068748154,0.51331204,Madrugada,"Point (30, 0)"
1940-01-01,6.7469997,54.25478,-1.853,0.0,0.0,0.033,0.004,0.053150464,0.45140976,Madrugada,"Point (30, 0)"
1940-01-01,6.097,55.701344,-2.1030002,0.0,0.0,0.033,0.004,0.051947337,0.41800517,Madrugada,"Point (30, 0)"
1940-01-01,5.7469997,56.020966,-2.3530002,0.0,0.0,0.033,0.004,0.05108598,0.40506858,Madrugada,"Point (30, 0)"
1940-01-01,5.8969994,54.830833,-2.503,0.0,0.0,0.033,0.004,0.05653852,0.42036802,Madrugada,"Point (30, 0)"
1940-01-01,5.6969995,54.77693,-2.703,0.0,0.0,0.033,0.004,0.0557604,0.41508412,Madrugada,"Point (30, 0)"
1940-01-01,5.3969994,54.899574,-2.953,0.0,0.0,0.033,0.004,0.053645562,0.40543506,Madrugada,"Point (30, 0)"
1940-01-01,5.297,54.46582,-3.153,0.0,0.0,0.033,0.004,0.05192324,0.40649965,Madrugada,"Point (30, 0)"
1940-01-01,4.597,56.551914,-3.303,0.0,0.0,0.033,0.004,0.0468255,0.36941254,Madrugada,"Point (30, 0)"
1940-01-01,3.747,59.355846,-3.453,0.0,0.0,0.033,0.004,0.03938257,0.32557818,Madrugada,"Point (30, 0)"
1940-01-01,3.347,60.59814,-3.553,0.0,0.0,0.033,0.004,0.03620508,0.30685306,Madrugada,"Point (30, 0)"
1940-01-01,2.5470002,63.414192,-3.703,0.0,0.0,0.033,0.004,0.030003864,0.2692274,Madrugada,"Point (30, 0)"
1940-01-01,1.8469999,66.15923,-3.803,0.0,0.0,0.033,0.004,0.025274388,0.23690963,Madrugada,"Point (30, 0)"
1940-01-01,1.5470002,67.089806,-3.9029999,0.0,0.0,0.033,0.004,0.02459649,0.22550133,Madrugada,"Point (30, 0)"
1940-01-01,2.397,63.141552,-3.9029999,0.0,0.0,0.033,0.004,0.041396417,0.26835456,Madrugada,"Point (30, 0)"
1940-01-01,4.6969995,54.099957,-3.803,0.0,0.0,0.033,0.004,0.10459667,0.3929894,Madrugada,"Point (30, 0)"
1940-01-01,6.8969994,46.462044,-3.803,0.0,0.0,0.032,0.004,0.18305896,0.5337521,Madrugada,"Point (30, 0)"
1940-01-01,9.097,40.158543,-3.753,0.0,0.0,0.032,0.004,0.25213623,0.6928271,Madrugada,"Point (30, 0)"
1940-01-01,10.997,35.899372,-3.553,0.0,0.0,0.032,0.004,0.30560523,0.8426736,Madrugada,"Point (30, 0)"
1940-01-01,12.447,32.99039,-3.403,0.0,0.0,0.031,0.004,0.33249497,0.96935266,Madrugada,"Point (30, 0)"
1940-01-01,13.396999,31.352234,-3.253,0.0,0.0,0.031,0.004,0.32404006,1.0566572,Madrugada,"Point (30, 0)"
1940-01-01,13.796999,30.775448,-3.153,0.0,0.0,0.031,0.004,0.28238204,1.0936047,Madrugada,"Point (30, 0)"
1940-01-01,13.597,31.410912,-3.053,0.0,0.0,0.03,0.004,0.2104576,1.0695817,Madrugada,"Point (30, 0)"
1940-01-01,11.747,36.39179,-2.703,0.0,0.0,0.03,0.004,0.11489783,0.8787465,Madrugada,"Point (30, 0)"
1940-01-01,10.146999,40.621414,-2.653,0.0,0.0,0.03,0.004,0.09833099,0.7376546,Madrugada,"Point (30, 0)"
1940-01-01,9.347,42.228058,-2.853,0.0,0.0,0.03,0.004,0.085021645,0.6802265,Madrugada,"Point (30, 0)"
1940-01-01,8.847,42.870876,-3.103,0.0,0.0,0.03,0.004,0.08516596,0.6503736,Madrugada,"Point (30, 0)"
1940-01-01,8.247,43.823795,-3.353,0.0,0.0,0.03,0.004,0.081638426,0.61407655,Madrugada,"Point (30, 0)"
1940-01-01,7.597,44.456482,-3.753,0.0,0.0,0.03,0.004,0.07304356,0.58089924,Madrugada,"Point (30, 0)"
1940-01-01,6.9969997,45.800446,-3.9029999,0.0,0.0,0.03,0.004,0.06972413,0.54406345,Madrugada,"Point (30, 0)"
1940-01-01,-6.9805,31.852716,-20.9805,,,0.011,0.026,,0.24748544,Madrugada,"Point (30, 60)"
1940-01-01,-7.5805,32.218864,-21.3805,,,0.011,0.026,,0.23499721,Madrugada,"Point (30, 60)"
1940-01-01,-7.6805,31.62954,-21.6805,,,0.011,0.026,,0.23520252,Madrugada,"Point (30, 60)"
1940-01-01,-7.3305,30.252125,-21.8805,,,0.011,0.026,,0.24652307,Madrugada,"Point (30, 60)"
1940-01-01,-5.3305,26.191069,-21.7805,,,0.011,0.026,,0.30408245,Madrugada,"Point (30, 60)"
1940-01-01,-0.7805004,18.75284,-21.7305,,,0.011,0.026,,0.4698528,Madrugada,"Point (30, 60)"
1940-01-01,3.7694998,13.477245,-21.7805,,,0.01,0.026,,0.69352156,Madrugada,"Point (30, 60)"
1940-01-01,5.7695,10.975269,-22.5305,0.0,0.0,0.01,0.026,0.2565196,0.8205032,Madrugada,"Point (30, 60)"
1940-01-01,6.9695005,10.149384,-22.4805,0.0,0.0,0.01,0.026,0.3011227,0.89952964,Madrugada,"Point (30, 60)"
1940-01-01,7.819499,9.409608,-22.6805,0.0,0.0,0.01,0.026,0.31368467,0.9611856,Madrugada,"Point (30, 60)"
1940-01-01,8.469501,8.924278,-22.7805,0.0,0.0,0.01,0.026,0.29164648,1.0099652,Madrugada,"Point (30, 60)"
1940-01-01,8.5195,8.933463,-22.7305,0.0,0.0,0.01,0.026,0.23697087,1.0132924,Madrugada,"Point (30, 60)"
1940-01-01,8.1195,9.342355,-22.5305,0.0,0.0,0.01,0.026,0.1544605,0.9817429,Madrugada,"Point (30, 60)"
1940-01-01,5.8695,12.213967,-21.2305,0.0,0.0,0.01,0.026,0.050569255,0.8147662,Madrugada,"Point (30, 60)"
1940-01-01,6.4194994,11.159112,-21.830502,0.0,0.0,0.01,0.026,0.012581901,0.8564475,Madrugada,"Point (30, 60)"
1940-01-01,5.3195,12.253379,-21.6305,0.0,0.0,0.01,0.026,0.041706603,0.7838988,Madrugada,"Point (30, 60)"
1940-01-01,1.8195,17.629698,-20.2805,0.0,0.0,0.01,0.026,0.041478798,0.57496,Madrugada,"Point (30, 60)"
1940-01-01,0.019499779,21.68277,-19.3805,0.0,0.0,0.01,0.026,0.04081983,0.48018464,Madrugada,"Point (30, 60)"
1940-01-01,-0.9805002,24.546423,-18.7805,0.0,0.0,0.01,0.026,0.041272007,0.43011457,Madrugada,"Point (30, 60)"
1940-01-01,-1.3305006,26.725727,-18.080502,0.0,0.0,0.01,0.026,0.040141504,0.4071321,Madrugada,"Point (30, 60)"
1940-01-01,-2.1305003,30.197214,-17.3305,0.0,0.0,0.01,0.026,0.037321296,0.36566797,Madrugada,"Point (30, 60)"
1940-01-01,-3.1805,34.1827,-16.7805,0.0,0.0,0.01,0.026,0.03373915,0.3189472,Madrugada,"Point (30, 60)"
1940-01-01,-3.9805002,41.618553,-15.130501,0.0,0.0,0.01,0.026,0.029247204,0.26651698,Madrugada,"Point (30, 60)"
1940-01-01,-5.5805,47.34796,-15.0305,0.0,0.0,0.01,0.026,0.023915663,0.2129869,Madrugada,"Point (30, 60)"
1940-01-01,-6.3305,49.92688,-15.0805,0.0,0.0,0.01,0.026,0.021946594,0.19128321,Madrugada,"Point (30, 60)"
1940-01-01,-6.8305,50.60767,-15.380501,0.0,0.0,0.01,0.026,0.02040306,0.18157387,Madrugada,"Point (30, 60)"
1940-01-01,-7.1305003,49.276356,-15.9805,0.0,0.0,0.01,0.026,0.021062993,0.18219744,Madrugada,"Point (30, 60)"
1940-01-01,-7.2305,46.452988,-16.7805,0.0,0.0,0.01,0.026,0.02257778,0.19084342,Madrugada,"Point (30, 60)"
1940-01-01,-3.5805001,32.65322,-17.6805,0.0,0.0,0.01,0.026,0.043379106,0.3167249,Madrugada,"Point (30, 60)"
1940-01-01,1.0194998,22.154512,-18.2805,0.0,0.0,0.01,0.026,0.10937871,0.5131272,Madrugada,"Point (30, 60)"
1940-01-01,4.3695,17.174334,-18.4805,0.0,0.0,0.01,0.026,0.1985082,0.6925994,Madrugada,"Point (30, 60)"
1940-01-01,6.2695,14.362664,-19.0305,0.0,0.0,0.01,0.026,0.27345672,0.8171927,Madrugada,"Point (30, 60)"
1940-01-01,7.4695005,12.51189,-19.6805,0.0,0.0,0.01,0.026,0.3156854,0.9065017,Madrugada,"Point (30, 60)"
1940-01-01,8.169499,11.676078,-19.9305,0.0,0.0,0.01,0.026,0.32862067,0.95984346,Madrugada,"Point (30, 60)"
1940-01-01,9.069499,10.56838,-20.3805,0.0,0.0,0.01,0.026,0.31846488,1.0328978,Madrugada,"Point (30, 60)"
1940-01-01,8.969501,10.412258,-20.6305,0.0,0.0,0.01,0.026,0.27412263,1.027733,Madrugada,"Point (30, 60)"
1940-01-01,8.419499,10.713433,-20.7305,0.0,0.0,0.01,0.026,0.20644769,0.98686874,Madrugada,"Point (30, 60)"
1940-01-01,6.7195005,12.240696,-20.5305,0.0,0.0,0.01,0.026,0.11694522,0.8637267,Madrugada,"Point (30, 60)"
1940-01-01,4.6694994,14.353465,-20.330502,0.0,0.0,0.01,0.026,0.09661529,0.7313,Madrugada,"Point (30, 60)"
1940-01-01,3.2694998,15.904453,-20.2805,0.0,0.0,0.01,0.026,0.07831431,0.6507648,Madrugada,"Point (30, 60)"
1940-01-01,2.3695002,16.733635,-20.4305,0.0,0.0,0.01,0.026,0.08016637,0.6044805,Madrugada,"Point (30, 60)"
1940-01-01,1.9194994,16.835987,-20.7305,0.0,0.0,0.01,0.026,0.0838985,0.5846481,Madrugada,"Point (30, 60)"
1940-01-01,1.5695,16.965626,-20.9305,0.0,0.0,0.01,0.026,0.08404765,0.569284,Madrugada,"Point (30, 60)"
1940-01-01,1.3195,17.498604,-20.7805,0.0,0.0,0.01,0.026,0.08334816,0.5555779,Madrugada,"Point (30, 60)"
1940-01-01,0.6694994,19.312704,-20.1805,0.0,0.0,0.01,0.026,0.07877873,0.5185293,Madrugada,"Point (30, 60)"
1940-01-01,-0.030500412,21.483622,-19.5305,0.0,0.0,0.01,0.026,0.07164143,0.47965503,Madrugada,"Point (30, 60)"
1940-01-01,0.06949997,24.235098,-18.0305,0.0,0.0,0.011,0.026,0.060432054,0.46627373,Madrugada,"Point (30, 60)"
1940-01-01,-0.93050003,26.509018,-17.830502,0.0,0.0,0.011,0.026,0.048633274,0.42049593,Madrugada,"Point (30, 60)"
1940-01-01,1.665,87.83431,-0.135,,,0.384,0.403,,0.08407718,Madrugada,"Point (30, 120)"
1940-01-01,5.815,77.672806,2.2150002,,,0.383,0.403,,0.20662707,Madrugada,"Point (30, 120)"
1940-01-01,9.315,66.84237,3.4650002,,,0.383,0.403,,0.38957995,Madrugada,"Point (30, 120)"
1940-01-01,11.315,58.90427,3.565,,,0.383,0.403,,0.5517597,Madrugada,"Point (30, 120)"
1940-01-01,12.464999,54.220963,3.4650002,,,0.382,0.403,,0.6630115,Madrugada,"Point (30, 120)"
1940-01-01,13.014999,49.777836,2.765,,,0.381,0.402,,0.75402033,Madrugada,"Point (30, 120)"
1940-01-01,13.615,44.899174,1.865,,,0.381,0.402,,0.8602471,Madrugada,"Point (30, 120)"
1940-01-01,13.464999,43.745872,1.365,0.0,0.0,0.38,0.402,0.21117915,0.8697316,Madrugada,"Point (30, 120)"
1940-01-01,12.615,50.917095,2.7150002,0.0,0.0,0.38,0.402,0.12370994,0.7178898,Madrugada,"Point (30, 120)"
1940-01-01,8.264999,67.567825,2.615,0.0,0.0,0.38,0.402,0.041976262,0.354976,Madrugada,"Point (30, 120)"
1940-01-01,6.565,72.71367,2.015,0.0,0.0,0.38,0.402,0.032634698,0.26592457,Madrugada,"Point (30, 120)"
1940-01-01,5.415,77.3323,1.7650001,0.0,0.0,0.38,0.402,0.008440596,0.20404422,Madrugada,"Point (30, 120)"
1940-01-01,4.665,78.610245,1.2650001,0.0,0.0,0.38,0.402,0.0058241407,0.18274653,Madrugada,"Point (30, 120)"
1940-01-01,3.9650002,81.38118,1.065,0.0,0.0,0.38,0.402,0.0013729222,0.1514638,Madrugada,"Point (30, 120)"
1940-01-01,6.065,72.880226,1.565,0.0,0.0,0.38,0.402,0.0014894475,0.25535208,Madrugada,"Point (30, 120)"
1940-01-01,5.715,74.66505,1.565,0.0,0.0,0.38,0.402,0.0,0.23284465,Madrugada,"Point (30, 120)"
1940-01-01,5.315,75.944374,1.415,0.0,0.0,0.38,0.402,0.0,0.21503913,Madrugada,"Point (30, 120)"
1940-01-01,2.915,84.53461,0.565,0.0,0.0,0.38,0.402,0.0,0.11683035,Madrugada,"Point (30, 120)"
1940-01-01,1.4649999,87.815605,-0.335,0.0,0.0,0.381,0.402,0.0,0.08300841,Madrugada,"Point (30, 120)"
1940-01-01,0.465,90.65848,-0.885,0.0,0.0,0.381,0.402,0.0,0.059220433,Madrugada,"Point (30, 120)"
1940-01-01,-0.385,92.615036,-1.435,0.0,0.0,0.381,0.402,0.0,0.044016898,Madrugada,"Point (30, 120)"
1940-01-01,-0.835,93.961464,-1.685,0.0,0.0,0.381,0.402,0.0,0.034829497,Madrugada,"Point (30, 120)"
1940-01-01,-0.885,94.305214,-1.685,0.0,0.0,0.381,0.402,0.0,0.032727003,Madrugada,"Point (30, 120)"
1940-01-01,-0.735,93.62166,-1.635,0.0,0.0,0.381,0.402,0.0,0.037059247,Madrugada,"Point (30, 120)"
1940-01-01,2.265,87.57324,0.415,0.0,0.0,0.381,0.402,0.014569679,0.08964062,Madrugada,"Point (30, 120)"
1940-01-01,6.3650002,75.04635,2.265,0.0,0.0,0.381,0.402,0.08521817,0.23986751,Madrugada,"Point (30, 120)"
1940-01-01,9.815,62.172512,2.915,0.0,0.0,0.381,0.402,0.17821264,0.45961517,Madrugada,"Point (30, 120)"
1940-01-01,11.714999,50.12905,1.665,0.0,0.0,0.38,0.402,0.25833654,0.68752027,Madrugada,"Point (30, 120)"
1940-01-01,12.865,38.93932,-0.785,0.0,0.0,0.379,0.401,0.31341195,0.90782183,Madrugada,"Point (30, 120)"
1940-01-01,13.365,35.675014,-1.5350001,0.0,0.0,0.379,0.401,0.32695732,0.9880668,Madrugada,"Point (30, 120)"
1940-01-01,13.514999,35.06963,-1.635,0.0,0.0,0.378,0.401,0.30500448,1.0071496,Madrugada,"Point (30, 120)"
1940-01-01,13.214999,35.23956,-1.835,0.0,0.0,0.377,0.4,0.25064486,0.9850795,Madrugada,"Point (30, 120)"
1940-01-01,12.115,39.43432,-1.2850001,0.0,0.0,0.376,0.4,0.15748529,0.85724974,Madrugada,"Point (30, 120)"
1940-01-01,8.714999,47.686188,-1.7850001,0.0,0.0,0.376,0.4,0.062306546,0.59028006,Madrugada,"Point (30, 120)"
1940-01-01,6.1150002,56.325665,-1.935,0.0,0.0,0.377,0.4,0.051485073,0.4126277,Madrugada,"Point (30, 120)"
1940-01-01,4.965,57.71017,-2.685,0.0,0.0,0.377,0.4,0.033504244,0.36892116,Madrugada,"Point (30, 120)"
1940-01-01,3.365,62.90328,-3.0349998,0.0,0.0,0.377,0.4,0.023313884,0.28927314,Madrugada,"Point (30, 120)"
1940-01-01,3.515,58.41586,-3.885,0.0,0.0,0.377,0.4,0.02324575,0.3277051,Madrugada,"Point (30, 120)"
1940-01-01,4.565,51.10056,-4.685,0.0,0.0,0.377,0.4,0.025037965,0.41481575,Madrugada,"Point (30, 120)"
1940-01-01,5.515,46.4076,-5.085,0.0,0.0,0.377,0.4,0.023930697,0.48570597,Madrugada,"Point (30, 120)"
1940-01-01,4.665,49.23484,-5.085,0.0,0.0,0.377,0.4,0.010574641,0.43365604,Madrugada,"Point (30, 120)"
1940-01-01,3.815,52.652252,-4.985,0.0,0.0,0.377,0.4,0.0055163456,0.3810757,Madrugada,"Point (30, 120)"
1940-01-01,2.065,60.73258,-4.735,0.0,0.0,0.377,0.4,0.004549495,0.27920192,Madrugada,"Point (30, 120)"
1940-01-01,-0.535,73.5249,-4.685,0.0,0.0,0.377,0.4,0.0015450517,0.15606394,Madrugada,"Point (30, 120)"
1940-01-01,-1.7349999,80.57876,-4.6349998,0.0,0.0,0.377,0.4,0.0,0.104849696,Madrugada,"Point (30, 120)"
1940-01-01,-2.135,83.93208,-4.485,0.0,0.0,0.377,0.4,0.0,0.084225416,Madrugada,"Point (30, 120)"
1940-01-01,-2.2849998,85.50804,-4.3849998,0.0,0.0,0.377,0.4,0.0,0.07512745,Madrugada,"Point (30, 120)"
1940-01-01,-2.2849998,85.50804,-4.3849998,0.0,0.0,0.378,0.4,0.0,0.07512745,Madrugada,"Point (30, 120)"
1940-01-01,-23.65,73.87752,-27.0,,,0.0,0.0,,0.023773141,Madrugada,North Pole
1940-01-01,-23.7,72.521904,-27.25,,,0.0,0.0,,0.024893716,Madrugada,North Pole
1940-01-01,-23.85,71.16521,-27.6,,,0.0,0.0,,0.025772288,Madrugada,North Pole
1940-01-01,-24.2,70.431625,-28.05,,,0.0,0.0,,0.025608644,Madrugada,North Pole
1940-01-01,-24.5,69.71201,-28.45,,,0.0,0.0,,0.025531009,Madrugada,North Pole
1940-01-01,-24.7,69.66551,-28.65,,,0.0,0.0,,0.025112107,Madrugada,North Pole
1940-01-01,-24.9,69.9446,-28.8,,,0.0,0.0,,0.024434842,Madrugada,North Pole
1940-01-01,-25.15,70.5432,-28.95,0.0,0.0,0.0,0.0,0.007188353,0.023411643,Madrugada,North Pole
1940-01-01,-25.25,70.85092,-29.0,0.0,0.0,0.0,0.0,0.0070517305,0.022957757,Madrugada,North Pole
1940-01-01,-25.2,71.19408,-28.9,0.0,0.0,0.0,0.0,0.006975222,0.022791222,Madrugada,North Pole
1940-01-01,-24.5,71.019875,-28.25,0.0,0.0,0.0,0.0,0.007566707,0.02442994,Madrugada,North Pole
1940-01-01,-24.3,71.0647,-28.05,0.0,0.0,0.0,0.0,0.007640321,0.024836272,Madrugada,North Pole
1940-01-01,-24.15,71.09825,-27.9,0.0,0.0,0.0,0.0,0.0077141407,0.02514492,Madrugada,North Pole
1940-01-01,-24.0,71.46113,-27.7,0.0,0.0,0.0,0.0,0.007724917,0.025166806,Madrugada,North Pole
1940-01-01,-23.9,71.81378,-27.55,0.0,0.0,0.0,0.0,0.0077401088,0.02508048,Madrugada,North Pole
1940-01-01,-23.8,71.83565,-27.45,0.0,0.0,0.0,0.0,0.0078116893,0.02528695,Madrugada,North Pole
1940-01-01,-23.65,71.538376,-27.35,0.0,0.0,0.0,0.0,0.007968607,0.025899448,Madrugada,North Pole
1940-01-01,-23.6,71.87934,-27.25,0.0,0.0,0.0,0.0,0.0078969505,0.025704384,Madrugada,North Pole
1940-01-01,-23.5,71.5714,-27.2,0.0,0.0,0.0,0.0,0.008068161,0.026219115,Madrugada,North Pole
1940-01-01,-23.45,71.25414,-27.2,0.0,0.0,0.0,0.0,0.008211716,0.02663017,Madrugada,North Pole
1940-01-01,-23.4,71.26523,-27.15,0.0,0.0,0.0,0.0,0.008257996,0.02673915,Madrugada,North Pole
1940-01-01,-23.35,71.276306,-27.1,0.0,0.0,0.0,0.0,0.008243079,0.026848525,Madrugada,North Pole
1940-01-01,-23.5,71.24305,-27.25,0.0,0.0,0.0,0.0,0.008166486,0.0265216,Madrugada,North Pole
1940-01-01,-23.7,71.5274,-27.4,0.0,0.0,0.0,0.0,0.007881234,0.02579362,Madrugada,North Pole
1940-01-01,-24.15,72.09142,-27.75,0.0,0.0,0.0,0.0,0.0073845126,0.024281874,Madrugada,North Pole
1940-01-01,-24.55,72.33896,-28.1,0.0,0.0,0.0,0.0,0.007034486,0.023214221,Madrugada,North Pole
1940-01-01,-24.95,72.92757,-28.4,0.0,0.0,0.0,0.0,0.0066473978,0.021913007,Madrugada,North Pole
1940-01-01,-25.3,72.85291,-28.75,0.0,0.0,0.0,0.0,0.006428296,0.021285847,Madrugada,North Pole
1940-01-01,-25.6,73.12989,-29.0,0.0,0.0,0.0,0.0,0.00615446,0.020500898,Madrugada,North Pole
1940-01-01,-25.85,73.07677,-29.25,0.0,0.0,0.0,0.0,0.006027076,0.02007766,Madrugada,North Pole
1940-01-01,-26.0,72.702774,-29.45,0.0,0.0,0.0,0.0,0.005997023,0.020078693,Madrugada,North Pole
1940-01-01,-25.95,72.03401,-29.5,0.0,0.0,0.0,0.0,0.0061092465,0.020664401,Madrugada,North Pole
1940-01-01,-25.75,72.07786,-29.3,0.0,0.0,0.0,0.0,0.0061729182,0.021012846,Madrugada,North Pole
1940-01-01,-25.35,71.160446,-29.05,0.0,0.0,0.0,0.0,0.006624638,0.022508573,Madrugada,North Pole
1940-01-01,-24.95,70.918686,-28.7,0.0,0.0,0.0,0.0,0.006101324,0.023537003,Madrugada,North Pole
1940-01-01,-24.6,70.99743,-28.35,0.0,0.0,0.0,0.0,0.0064524678,0.024228983,Madrugada,North Pole
1940-01-01,-24.4,71.04231,-28.15,0.0,0.0,0.0,0.0,0.006625694,0.024632387,Madrugada,North Pole
1940-01-01,-24.2,71.748024,-27.85,0.0,0.0,0.0,0.0,0.0064386553,0.024469897,Madrugada,North Pole
1940-01-01,-24.05,72.44676,-27.6,0.0,0.0,0.0,0.0,0.0060472507,0.024189658,Madrugada,North Pole
1940-01-01,-24.0,73.12869,-27.45,0.0,0.0,0.0,0.0,0.005651929,0.023697913,Madrugada,North Pole
1940-01-01,-23.9,74.166336,-27.2,0.0,0.0,0.0,0.0,0.0051620337,0.022989362,Madrugada,North Pole
1940-01-01,-23.85,74.518105,-27.1,0.0,0.0,0.0,0.0,0.0048576295,0.022778638,Madrugada,North Pole
1940-01-01,-23.85,74.8611,-27.05,0.0,0.0,0.0,0.0,0.004408353,0.022472352,Madrugada,North Pole
1940-01-01,-23.85,75.55131,-26.95,0.0,0.0,0.0,0.0,0.0040019974,0.021855935,Madrugada,North Pole
1940-01-01,-23.85,75.89858,-26.9,0.0,0.0,0.0,0.0,0.0034732523,0.021545805,Madrugada,North Pole
1940-01-01,-23.8,76.25675,-26.8,0.0,0.0,0.0,0.0,0.0029388499,0.021321334,Madrugada,North Pole
1940-01-01,-24.2,76.180626,-27.2,0.0,0.0,0.0,0.0,0.0031447061,0.020634443,Madrugada,North Pole
1940-01-01,-24.2,77.23787,-27.05,0.0,0.0,0.0,0.0,0.0034120018,0.0197194,Madrugada,North Pole
1940-01-01,-31.05,66.46939,-35.25,,,0.0,0.0,,0.0153514,Madrugada,South Pole
1940-01-01,-31.0,66.15345,-35.25,,,0.0,0.0,,0.015570421,Madrugada,South Pole
1940-01-01,-31.0,66.15345,-35.25,,,0.0,0.0,,0.015570421,Madrugada,South Pole
1940-01-01,-30.95,65.83913,-35.25,,,0.0,0.0,,0.015790392,Madrugada,South Pole
1940-01-01,-30.9,65.52645,-35.25,,,0.0,0.0,,0.01601132,Madrugada,South Pole
1940-01-01,-30.9,65.85221,-35.2,,,0.0,0.0,,0.015860308,Madrugada,South Pole
1940-01-01,-30.85,65.53965,-35.2,,,0.0,0.0,,0.016082171,Madrugada,South Pole
1940-01-01,-30.85,65.86532,-35.15,0.0,0.0,0.0,0.0,0.017277583,0.01593048,Madrugada,South Pole
1940-01-01,-30.8,65.552795,-35.15,0.0,0.0,0.0,0.0,0.017386641,0.016153326,Madrugada,South Pole
1940-01-01,-30.8,65.87843,-35.1,0.0,0.0,0.0,0.0,0.017464638,0.01600093,Madrugada,South Pole
1940-01-01,-30.95,66.495224,-35.15,0.0,0.0,0.0,0.0,0.017278332,0.015487688,Madrugada,South Pole
1940-01-01,-30.95,66.495224,-35.15,0.0,0.0,0.0,0.0,0.017188713,0.015487688,Madrugada,South Pole
1940-01-01,-31.0,66.812675,-35.15,0.0,0.0,0.0,0.0,0.01716853,0.015267717,Madrugada,South Pole
1940-01-01,-31.0,66.812675,-35.15,0.0,0.0,0.0,0.0,0.017013507,0.015267717,Madrugada,South Pole
1940-01-01,-31.05,67.13177,-35.15,0.0,0.0,0.0,0.0,0.017060678,0.015048696,Madrugada,South Pole
1940-01-01,-31.1,67.11906,-35.2,0.0,0.0,0.0,0.0,0.016958902,0.0149823055,Madrugada,South Pole
1940-01-01,-31.1,67.11906,-35.2,0.0,0.0,0.0,0.0,0.016927142,0.0149823055,Madrugada,South Pole
1940-01-01,-31.15,67.4399,-35.2,0.0,0.0,0.0,0.0,0.016822012,0.014765188,Madrugada,South Pole
1940-01-01,-31.2,67.762474,-35.2,0.0,0.0,0.0,0.0,0.016806254,0.014548995,Madrugada,South Pole
1940-01-01,-31.2,67.762474,-35.2,0.0,0.0,0.0,0.0,0.016774014,0.014548995,Madrugada,South Pole
1940-01-01,-31.25,68.08674,-35.2,0.0,0.0,0.0,0.0,0.016541218,0.014333747,Madrugada,South Pole
1940-01-01,-31.25,68.08674,-35.2,0.0,0.0,0.0,0.0,0.016626315,0.014333747,Madrugada,South Pole
1940-01-01,-31.3,68.4127,-35.2,0.0,0.0,0.0,0.0,0.016559806,0.01411942,Madrugada,South Pole
1940-01-01,-31.3,68.4127,-35.2,0.0,0.0,0.0,0.0,0.016372861,0.01411942,Madrugada,South Pole
1940-01-01,-31.3,68.4127,-35.2,0.0,0.0,0.0,0.0,0.016372861,0.01411942,Madrugada,South Pole
1940-01-01,-31.3,68.4127,-35.2,0.0,0.0,0.0,0.0,0.01649484,0.01411942,Madrugada,South Pole
1940-01-01,-31.25,68.425064,-35.15,0.0,0.0,0.0,0.0,0.016527042,0.014182055,Madrugada,South Pole
1940-01-01,-31.25,68.425064,-35.15,0.0,0.0,0.0,0.0,0.016650418,0.014182055,Madrugada,South Pole
1940-01-01,-31.2,68.43748,-35.1,0.0,0.0,0.0,0.0,0.016878672,0.014244907,Madrugada,South Pole
1940-01-01,-31.15,68.449814,-35.05,0.0,0.0,0.0,0.0,0.01698136,0.014308024,Madrugada,South Pole
1940-01-01,-31.1,68.46218,-35.0,0.0,0.0,0.0,0.0,0.017084561,0.014371382,Madrugada,South Pole
1940-01-01,-31.05,68.47451,-34.95,0.0,0.0,0.0,0.0,0.017274566,0.014435003,Madrugada,South Pole
1940-01-01,-31.05,68.47451,-34.95,0.0,0.0,0.0,0.0,0.017308297,0.014435003,Madrugada,South Pole
1940-01-01,-31.0,68.14904,-34.95,0.0,0.0,0.0,0.0,0.017400034,0.014654024,Madrugada,South Pole
1940-01-01,-31.1,68.46218,-35.0,0.0,0.0,0.0,0.0,0.017438311,0.014371382,Madrugada,South Pole
1940-01-01,-31.1,68.801735,-34.95,0.0,0.0,0.0,0.0,0.017328236,0.01421692,Madrugada,South Pole
1940-01-01,-31.1,68.46218,-35.0,0.0,0.0,0.0,0.0,0.017495718,0.014371382,Madrugada,South Pole
1940-01-01,-31.1,68.46218,-35.0,0.0,0.0,0.0,0.0,0.01743448,0.014371382,Madrugada,South Pole
1940-01-01,-31.15,69.13063,-34.95,0.0,0.0,0.0,0.0,0.017421957,0.013999803,Madrugada,South Pole
1940-01-01,-31.15,68.78945,-35.0,0.0,0.0,0.0,0.0,0.017485363,0.014154265,Madrugada,South Pole
1940-01-01,-31.2,69.11848,-35.0,0.0,0.0,0.0,0.0,0.017414264,0.013938071,Madrugada,South Pole
1940-01-01,-31.2,69.11848,-35.0,0.0,0.0,0.0,0.0,0.017412297,0.013938071,Madrugada,South Pole
1940-01-01,-31.25,69.10633,-35.05,0.0,0.0,0.0,0.0,0.017306468,0.013876583,Madrugada,South Pole
1940-01-01,-31.3,69.09418,-35.1,0.0,0.0,0.0,0.0,0.017289106,0.013815332,Madrugada,South Pole
1940-01-01,-31.35,69.08196,-35.15,0.0,0.0,0.0,0.0,0.017239243,0.013754332,Madrugada,South Pole
1940-01-01,-31.4,69.06977,-35.2,0.0,0.0,0.0,0.0,0.017053748,0.013693571,Madrugada,South Pole
1940-01-01,-31.45,69.05762,-35.25,0.0,0.0,0.0,0.0,0.016939986,0.013633035,Madrugada,South Pole
1940-01-01,-31.5,69.0454,-35.3,0.0,0.0,0.0,0.0,0.016836245,0.013572738,Madrugada,South Pole
